accession	bioproject	biosample	wgs_master	taxid	species_taxid	organism_name	group	environment	intraspecific_name	isolate_status	assembly_level	release_type	genome_rep	seq_rel_date	asm_name	submitter	ftp_path	local_filename
GCA_001767945.1	PRJNA288027	SAMN04315547	MEMN00000000.1	1797225	1797225	Alphaproteobacteria bacterium RIFCSPHIGHO2_12_FULL_66_14	Alphaproteobacteria	Aquifer		latest	Scaffold	Major	Full	10/18/16	ASM176794v1	"Banfield Lab, University of California, Berkeley"	ftp://ftp.ncbi.nlm.nih.gov/genomes/all/GCA/001/767/945/GCA_001767945.1_ASM176794v1	./genbank/bacteria/GCA_001767945.1/GCA_001767945.1_ASM176794v1_genomic.fna.gz
GCA_001770325.1	PRJNA288027	SAMN04313789	MEQT00000000.1	1797482	1797482	Betaproteobacteria bacterium RIFCSPLOWO2_02_64_14	Betaproteobacteria	Aquifer		latest	Scaffold	Major	Full	10/18/16	ASM177032v1	"Banfield Lab, University of California, Berkeley"	ftp://ftp.ncbi.nlm.nih.gov/genomes/all/GCA/001/770/325/GCA_001770325.1_ASM177032v1	./genbank/bacteria/GCA_001770325.1/GCA_001770325.1_ASM177032v1_genomic.fna.gz
GCA_001771935.1	PRJNA288027	SAMN04315990	MERD00000000.1	1797492	1797492	Betaproteobacteria bacterium RIFCSPLOWO2_02_FULL_67_26	Betaproteobacteria	Aquifer		latest	Scaffold	Major	Full	10/18/16	ASM177193v1	"Banfield Lab, University of California, Berkeley"	ftp://ftp.ncbi.nlm.nih.gov/genomes/all/GCA/001/771/935/GCA_001771935.1_ASM177193v1	./genbank/bacteria/GCA_001771935.1/GCA_001771935.1_ASM177193v1_genomic.fna.gz
GCA_001788485.1	PRJNA288027	SAMN04315936	MGCD00000000.1	1802105	1802105	Candidatus Rokubacteria bacterium RIFCSPLOWO2_02_FULL_71_18	Candidatus Rokubacteria	Aquifer		latest	Scaffold	Major	Full	10/19/16	ASM178848v1	"Banfield Lab, University of California, Berkeley"	ftp://ftp.ncbi.nlm.nih.gov/genomes/all/GCA/001/788/485/GCA_001788485.1_ASM178848v1	./genbank/bacteria/GCA_001788485.1/GCA_001788485.1_ASM178848v1_genomic.fna.gz
GCA_001829045.1	PRJNA288027	SAMN04314216	MIAI00000000.1	1802168	1802168	Sphingomonadales bacterium GWF1_63_6	Alphaproteobacteria	Aquifer		latest	Scaffold	Major	Full	10/21/16	ASM182904v1	"Banfield Lab, University of California, Berkeley"	ftp://ftp.ncbi.nlm.nih.gov/genomes/all/GCA/001/829/045/GCA_001829045.1_ASM182904v1	./genbank/bacteria/GCA_001829045.1/GCA_001829045.1_ASM182904v1_genomic.fna.gz
GCA_002292285.1	PRJNA348753	SAMN06457236	DBBP00000000.1	1948226	1948226	Proteobacteria bacterium UBA981	Unclassified Proteobacteria		UBA981	latest	Scaffold	Major	Full	9/12/17	ASM229228v1	University of Queensland	ftp://ftp.ncbi.nlm.nih.gov/genomes/all/GCA/002/292/285/GCA_002292285.1_ASM229228v1	./genbank/bacteria/GCA_002292285.1/GCA_002292285.1_ASM229228v1_genomic.fna.gz
GCA_002292845.1	PRJNA348753	SAMN06451938	DBBZ00000000.1	1951378	1951378	Alcaligenaceae bacterium UBA971	Betaproteobacteria		UBA971	latest	Scaffold	Major	Full	9/12/17	ASM229284v1	University of Queensland	ftp://ftp.ncbi.nlm.nih.gov/genomes/all/GCA/002/292/845/GCA_002292845.1_ASM229284v1	./genbank/bacteria/GCA_002292845.1/GCA_002292845.1_ASM229284v1_genomic.fna.gz
GCA_002295635.1	PRJNA348753	SAMN06455827	DBHK00000000.1	1948451	1948451	Alphaproteobacteria bacterium UBA830	Alphaproteobacteria		UBA830	latest	Scaffold	Major	Full	9/12/17	ASM229563v1	University of Queensland	ftp://ftp.ncbi.nlm.nih.gov/genomes/all/GCA/002/295/635/GCA_002295635.1_ASM229563v1	./genbank/bacteria/GCA_002295635.1/GCA_002295635.1_ASM229563v1_genomic.fna.gz
GCA_002296855.1	PRJNA348753	SAMN06456110	DBHZ00000000.1	1948449	1948449	Alphaproteobacteria bacterium UBA815	Alphaproteobacteria		UBA815	latest	Scaffold	Major	Full	9/12/17	ASM229685v1	University of Queensland	ftp://ftp.ncbi.nlm.nih.gov/genomes/all/GCA/002/296/855/GCA_002296855.1_ASM229685v1	./genbank/bacteria/GCA_002296855.1/GCA_002296855.1_ASM229685v1_genomic.fna.gz
GCA_002298745.1	PRJNA348753	SAMN06452891	DBLN00000000.1	1948439	1948439	Alphaproteobacteria bacterium UBA723	Alphaproteobacteria		UBA723	latest	Scaffold	Major	Full	9/12/17	ASM229874v1	University of Queensland	ftp://ftp.ncbi.nlm.nih.gov/genomes/all/GCA/002/298/745/GCA_002298745.1_ASM229874v1	./genbank/bacteria/GCA_002298745.1/GCA_002298745.1_ASM229874v1_genomic.fna.gz
GCA_002306775.1	PRJNA348753	SAMN06453171	DBSY00000000.1	1948360	1948360	Alphaproteobacteria bacterium UBA1330	Alphaproteobacteria		UBA1330	latest	Scaffold	Major	Full	9/15/17	ASM230677v1	University of Queensland	ftp://ftp.ncbi.nlm.nih.gov/genomes/all/GCA/002/306/775/GCA_002306775.1_ASM230677v1	./genbank/bacteria/GCA_002306775.1/GCA_002306775.1_ASM230677v1_genomic.fna.gz
GCA_002306855.1	PRJNA348753	SAMN06453716	DBTC00000000.1	1948359	1948359	Alphaproteobacteria bacterium UBA1326	Alphaproteobacteria		UBA1326	latest	Scaffold	Major	Full	9/15/17	ASM230685v1	University of Queensland	ftp://ftp.ncbi.nlm.nih.gov/genomes/all/GCA/002/306/855/GCA_002306855.1_ASM230685v1	./genbank/bacteria/GCA_002306855.1/GCA_002306855.1_ASM230685v1_genomic.fna.gz
GCA_002306905.1	PRJNA348753	SAMN06453718	DBTE00000000.1	1948358	1948358	Alphaproteobacteria bacterium UBA1324	Alphaproteobacteria		UBA1324	latest	Scaffold	Major	Full	9/15/17	ASM230690v1	University of Queensland	ftp://ftp.ncbi.nlm.nih.gov/genomes/all/GCA/002/306/905/GCA_002306905.1_ASM230690v1	./genbank/bacteria/GCA_002306905.1/GCA_002306905.1_ASM230690v1_genomic.fna.gz
GCA_002311015.1	PRJNA348753	SAMN06457417	DBZC00000000.1	217204	217204	Achromobacter insolitus	Betaproteobacteria		UBA1170	latest	Scaffold	Major	Full	9/19/17	ASM231101v1	University of Queensland	ftp://ftp.ncbi.nlm.nih.gov/genomes/all/GCA/002/311/015/GCA_002311015.1_ASM231101v1	./genbank/bacteria/GCA_002311015.1/GCA_002311015.1_ASM231101v1_genomic.fna.gz
GCA_002322215.1	PRJNA348753	SAMN06455554	DCOA00000000.1	217204	217204	Achromobacter insolitus	Betaproteobacteria		UBA1582	latest	Scaffold	Major	Full	9/21/17	ASM232221v1	University of Queensland	ftp://ftp.ncbi.nlm.nih.gov/genomes/all/GCA/002/322/215/GCA_002322215.1_ASM232221v1	./genbank/bacteria/GCA_002322215.1/GCA_002322215.1_ASM232221v1_genomic.fna.gz
GCA_002325375.1	PRJNA348753	SAMN06453301	DCRZ00000000.1	1952849	1952849	Rhodospirillaceae bacterium UBA1479	Alphaproteobacteria		UBA1479	latest	Scaffold	Major	Full	9/21/17	ASM232537v1	University of Queensland	ftp://ftp.ncbi.nlm.nih.gov/genomes/all/GCA/002/325/375/GCA_002325375.1_ASM232537v1	./genbank/bacteria/GCA_002325375.1/GCA_002325375.1_ASM232537v1_genomic.fna.gz
GCA_002331385.1	PRJNA348753	SAMN06450346	DCYB00000000.1	1951599	1951599	Comamonadaceae bacterium UBA2121	Betaproteobacteria		UBA2121	latest	Scaffold	Major	Full	9/21/17	ASM233138v1	University of Queensland	ftp://ftp.ncbi.nlm.nih.gov/genomes/all/GCA/002/331/385/GCA_002331385.1_ASM233138v1	./genbank/bacteria/GCA_002331385.1/GCA_002331385.1_ASM233138v1_genomic.fna.gz
GCA_002334905.1	PRJNA348753	SAMN06454198	DDCK00000000.1	1948142	1948142	Proteobacteria bacterium UBA2008	Unclassified Proteobacteria		UBA2008	latest	Scaffold	Major	Full	9/21/17	ASM233490v1	University of Queensland	ftp://ftp.ncbi.nlm.nih.gov/genomes/all/GCA/002/334/905/GCA_002334905.1_ASM233490v1	./genbank/bacteria/GCA_002334905.1/GCA_002334905.1_ASM233490v1_genomic.fna.gz
GCA_002337315.1	PRJNA348753	SAMN06450782	DDFT00000000.1	121428	121428	Sphingobium xenophagum	Alphaproteobacteria		UBA1921	latest	Scaffold	Major	Full	9/22/17	ASM233731v1	University of Queensland	ftp://ftp.ncbi.nlm.nih.gov/genomes/all/GCA/002/337/315/GCA_002337315.1_ASM233731v1	./genbank/bacteria/GCA_002337315.1/GCA_002337315.1_ASM233731v1_genomic.fna.gz
GCA_002337385.1	PRJNA348753	SAMN06455525	DDFY00000000.1	1946469	1946469	Erythrobacter sp. UBA1916	Alphaproteobacteria		UBA1916	latest	Scaffold	Major	Full	9/22/17	ASM233738v1	University of Queensland	ftp://ftp.ncbi.nlm.nih.gov/genomes/all/GCA/002/337/385/GCA_002337385.1_ASM233738v1	./genbank/bacteria/GCA_002337385.1/GCA_002337385.1_ASM233738v1_genomic.fna.gz
GCA_002340675.1	PRJNA348753	SAMN06457089	DDMP00000000.1	1951602	1951602	Comamonadaceae bacterium UBA2543	Betaproteobacteria		UBA2543	latest	Scaffold	Major	Full	9/22/17	ASM234067v1	University of Queensland	ftp://ftp.ncbi.nlm.nih.gov/genomes/all/GCA/002/340/675/GCA_002340675.1_ASM234067v1	./genbank/bacteria/GCA_002340675.1/GCA_002340675.1_ASM234067v1_genomic.fna.gz
GCA_002341085.1	PRJNA348753	SAMN06452965	DDNH00000000.1	121428	121428	Sphingobium xenophagum	Alphaproteobacteria		UBA2525	latest	Scaffold	Major	Full	9/22/17	ASM234108v1	University of Queensland	ftp://ftp.ncbi.nlm.nih.gov/genomes/all/GCA/002/341/085/GCA_002341085.1_ASM234108v1	./genbank/bacteria/GCA_002341085.1/GCA_002341085.1_ASM234108v1_genomic.fna.gz
GCA_002341725.1	PRJNA348753	SAMN06451082	DDOP00000000.1	1946119	1946119	Bradyrhizobium sp. UBA2491	Alphaproteobacteria		UBA2491	latest	Scaffold	Major	Full	9/22/17	ASM234172v1	University of Queensland	ftp://ftp.ncbi.nlm.nih.gov/genomes/all/GCA/002/341/725/GCA_002341725.1_ASM234172v1	./genbank/bacteria/GCA_002341725.1/GCA_002341725.1_ASM234172v1_genomic.fna.gz
GCA_002342145.1	PRJNA348753	SAMN06452795	DDPK00000000.1	1950772	1950772	Burkholderiales bacterium UBA2470	Betaproteobacteria		UBA2470	latest	Scaffold	Major	Full	9/22/17	ASM234214v1	University of Queensland	ftp://ftp.ncbi.nlm.nih.gov/genomes/all/GCA/002/342/145/GCA_002342145.1_ASM234214v1	./genbank/bacteria/GCA_002342145.1/GCA_002342145.1_ASM234214v1_genomic.fna.gz
GCA_002346535.1	PRJNA348753	SAMN06456355	DDZZ00000000.1	1951177	1951177	Opitutales bacterium UBA2995	PVC;Verrucomicrobia		UBA2995	latest	Scaffold	Major	Full	9/22/17	ASM234653v1	University of Queensland	ftp://ftp.ncbi.nlm.nih.gov/genomes/all/GCA/002/346/535/GCA_002346535.1_ASM234653v1	./genbank/bacteria/GCA_002346535.1/GCA_002346535.1_ASM234653v1_genomic.fna.gz
GCA_002347905.1	PRJNA348753	SAMN06453798	DDYJ00000000.1	1951600	1951600	Comamonadaceae bacterium UBA2237	Betaproteobacteria		UBA2237	latest	Scaffold	Major	Full	9/22/17	ASM234790v1	University of Queensland	ftp://ftp.ncbi.nlm.nih.gov/genomes/all/GCA/002/347/905/GCA_002347905.1_ASM234790v1	./genbank/bacteria/GCA_002347905.1/GCA_002347905.1_ASM234790v1_genomic.fna.gz
GCA_002348275.1	PRJNA348753	SAMN06454405	DEAV00000000.1	1948378	1948378	Alphaproteobacteria bacterium UBA2973	Alphaproteobacteria		UBA2973	latest	Scaffold	Major	Full	9/22/17	ASM234827v1	University of Queensland	ftp://ftp.ncbi.nlm.nih.gov/genomes/all/GCA/002/348/275/GCA_002348275.1_ASM234827v1	./genbank/bacteria/GCA_002348275.1/GCA_002348275.1_ASM234827v1_genomic.fna.gz
GCA_002348365.1	PRJNA348753	SAMN06451907	DEBC00000000.1	1948377	1948377	Alphaproteobacteria bacterium UBA2966	Alphaproteobacteria		UBA2966	latest	Scaffold	Major	Full	9/22/17	ASM234836v1	University of Queensland	ftp://ftp.ncbi.nlm.nih.gov/genomes/all/GCA/002/348/365/GCA_002348365.1_ASM234836v1	./genbank/bacteria/GCA_002348365.1/GCA_002348365.1_ASM234836v1_genomic.fna.gz
GCA_002348385.1	PRJNA348753	SAMN06451906	DEBD00000000.1	1948603	1948603	Gammaproteobacteria bacterium UBA2965	Gammaproteobacteria		UBA2965	latest	Scaffold	Major	Full	9/22/17	ASM234838v1	University of Queensland	ftp://ftp.ncbi.nlm.nih.gov/genomes/all/GCA/002/348/385/GCA_002348385.1_ASM234838v1	./genbank/bacteria/GCA_002348385.1/GCA_002348385.1_ASM234838v1_genomic.fna.gz
GCA_002359255.1	PRJNA348753	SAMN06456280	DEMP00000000.1	1952853	1952853	Rhodospirillaceae bacterium UBA2667	Alphaproteobacteria		UBA2667	latest	Scaffold	Major	Full	9/26/17	ASM235925v1	University of Queensland	ftp://ftp.ncbi.nlm.nih.gov/genomes/all/GCA/002/359/255/GCA_002359255.1_ASM235925v1	./genbank/bacteria/GCA_002359255.1/GCA_002359255.1_ASM235925v1_genomic.fna.gz
GCA_002359555.1	PRJNA348753	SAMN06452819	DENE00000000.1	1946610	1946610	Hylemonella sp. UBA2652	Betaproteobacteria		UBA2652	latest	Scaffold	Major	Full	9/26/17	ASM235955v1	University of Queensland	ftp://ftp.ncbi.nlm.nih.gov/genomes/all/GCA/002/359/555/GCA_002359555.1_ASM235955v1	./genbank/bacteria/GCA_002359555.1/GCA_002359555.1_ASM235955v1_genomic.fna.gz
GCA_002359635.1	PRJNA348753	SAMN06453360	DENJ00000000.1	1950774	1950774	Burkholderiales bacterium UBA2647	Betaproteobacteria		UBA2647	latest	Scaffold	Major	Full	9/26/17	ASM235963v1	University of Queensland	ftp://ftp.ncbi.nlm.nih.gov/genomes/all/GCA/002/359/635/GCA_002359635.1_ASM235963v1	./genbank/bacteria/GCA_002359635.1/GCA_002359635.1_ASM235963v1_genomic.fna.gz
GCA_002365775.1	PRJNA348753	SAMN06452675	DEZZ00000000.1	1948457	1948457	Betaproteobacteria bacterium UBA3119	Betaproteobacteria		UBA3119	latest	Scaffold	Major	Full	9/26/17	ASM236577v1	University of Queensland	ftp://ftp.ncbi.nlm.nih.gov/genomes/all/GCA/002/365/775/GCA_002365775.1_ASM236577v1	./genbank/bacteria/GCA_002365775.1/GCA_002365775.1_ASM236577v1_genomic.fna.gz
GCA_002367635.1	PRJNA348753	SAMN06454660	DFDI00000000.1	1948456	1948456	Betaproteobacteria bacterium UBA3031	Betaproteobacteria		UBA3031	latest	Scaffold	Major	Full	9/26/17	ASM236763v1	University of Queensland	ftp://ftp.ncbi.nlm.nih.gov/genomes/all/GCA/002/367/635/GCA_002367635.1_ASM236763v1	./genbank/bacteria/GCA_002367635.1/GCA_002367635.1_ASM236763v1_genomic.fna.gz
GCA_002377485.1	PRJNA348753	SAMN06450560	DFPX00000000.1	1948388	1948388	Alphaproteobacteria bacterium UBA3504	Alphaproteobacteria		UBA3504	latest	Scaffold	Major	Full	9/27/17	ASM237748v1	University of Queensland	ftp://ftp.ncbi.nlm.nih.gov/genomes/all/GCA/002/377/485/GCA_002377485.1_ASM237748v1	./genbank/bacteria/GCA_002377485.1/GCA_002377485.1_ASM237748v1_genomic.fna.gz
GCA_002377535.1	PRJNA348753	SAMN06450558	DFPZ00000000.1	1948387	1948387	Alphaproteobacteria bacterium UBA3502	Alphaproteobacteria		UBA3502	latest	Scaffold	Major	Full	9/27/17	ASM237753v1	University of Queensland	ftp://ftp.ncbi.nlm.nih.gov/genomes/all/GCA/002/377/535/GCA_002377535.1_ASM237753v1	./genbank/bacteria/GCA_002377535.1/GCA_002377535.1_ASM237753v1_genomic.fna.gz
GCA_002378125.1	PRJNA348753	SAMN06453467	DFRF00000000.1	1952854	1952854	Rhodospirillaceae bacterium UBA3470	Alphaproteobacteria		UBA3470	latest	Scaffold	Major	Full	9/27/17	ASM237812v1	University of Queensland	ftp://ftp.ncbi.nlm.nih.gov/genomes/all/GCA/002/378/125/GCA_002378125.1_ASM237812v1	./genbank/bacteria/GCA_002378125.1/GCA_002378125.1_ASM237812v1_genomic.fna.gz
GCA_002383745.1	PRJNA348753	SAMN06455021	DGAL00000000.1	1948458	1948458	Betaproteobacteria bacterium UBA4031	Betaproteobacteria		UBA4031	latest	Scaffold	Major	Full	9/27/17	ASM238374v1	University of Queensland	ftp://ftp.ncbi.nlm.nih.gov/genomes/all/GCA/002/383/745/GCA_002383745.1_ASM238374v1	./genbank/bacteria/GCA_002383745.1/GCA_002383745.1_ASM238374v1_genomic.fna.gz
GCA_002384805.1	PRJNA348753	SAMN06456267	DGBK00000000.1	310575	310575	Advenella kashmirensis	Betaproteobacteria		UBA4006	latest	Scaffold	Major	Full	9/28/17	ASM238480v1	University of Queensland	ftp://ftp.ncbi.nlm.nih.gov/genomes/all/GCA/002/384/805/GCA_002384805.1_ASM238480v1	./genbank/bacteria/GCA_002384805.1/GCA_002384805.1_ASM238480v1_genomic.fna.gz
GCA_002386465.1	PRJNA348753	SAMN06457688	DGIT00000000.1	1950778	1950778	Burkholderiales bacterium UBA4615	Betaproteobacteria		UBA4615	latest	Scaffold	Major	Full	9/28/17	ASM238646v1	University of Queensland	ftp://ftp.ncbi.nlm.nih.gov/genomes/all/GCA/002/386/465/GCA_002386465.1_ASM238646v1	./genbank/bacteria/GCA_002386465.1/GCA_002386465.1_ASM238646v1_genomic.fna.gz
GCA_002390205.1	PRJNA348753	SAMN06451823	DGOV00000000.1	1948174	1948174	Proteobacteria bacterium UBA4457	Unclassified Proteobacteria		UBA4457	latest	Scaffold	Major	Full	9/28/17	ASM239020v1	University of Queensland	ftp://ftp.ncbi.nlm.nih.gov/genomes/all/GCA/002/390/205/GCA_002390205.1_ASM239020v1	./genbank/bacteria/GCA_002390205.1/GCA_002390205.1_ASM239020v1_genomic.fna.gz
GCA_002390245.1	PRJNA348753	SAMN06457461	DGOX00000000.1	1948173	1948173	Proteobacteria bacterium UBA4455	Unclassified Proteobacteria		UBA4455	latest	Scaffold	Major	Full	9/28/17	ASM239024v1	University of Queensland	ftp://ftp.ncbi.nlm.nih.gov/genomes/all/GCA/002/390/245/GCA_002390245.1_ASM239024v1	./genbank/bacteria/GCA_002390245.1/GCA_002390245.1_ASM239024v1_genomic.fna.gz
GCA_002393305.1	PRJNA348753	SAMN06450411	DGNM00000000.1	1952858	1952858	Rhodospirillaceae bacterium UBA4492	Alphaproteobacteria		UBA4492	latest	Contig	Major	Full	9/28/17	ASM239330v1	University of Queensland	ftp://ftp.ncbi.nlm.nih.gov/genomes/all/GCA/002/393/305/GCA_002393305.1_ASM239330v1	./genbank/bacteria/GCA_002393305.1/GCA_002393305.1_ASM239330v1_genomic.fna.gz
GCA_002412495.1	PRJNA348753	SAMN06455352	DHVE00000000.1	1948459	1948459	Betaproteobacteria bacterium UBA5216	Betaproteobacteria		UBA5216	latest	Scaffold	Major	Full	10/3/17	ASM241249v1	University of Queensland	ftp://ftp.ncbi.nlm.nih.gov/genomes/all/GCA/002/412/495/GCA_002412495.1_ASM241249v1	./genbank/bacteria/GCA_002412495.1/GCA_002412495.1_ASM241249v1_genomic.fna.gz
GCA_002415625.1	PRJNA348753	SAMN06457039	DHZP00000000.1	1952860	1952860	Rhodospirillaceae bacterium UBA5101	Alphaproteobacteria		UBA5101	latest	Scaffold	Major	Full	10/3/17	ASM241562v1	University of Queensland	ftp://ftp.ncbi.nlm.nih.gov/genomes/all/GCA/002/415/625/GCA_002415625.1_ASM241562v1	./genbank/bacteria/GCA_002415625.1/GCA_002415625.1_ASM241562v1_genomic.fna.gz
GCA_002422345.1	PRJNA348753	SAMN06453532	DIUL00000000.1	1951301	1951301	Acetobacteraceae bacterium UBA6159	Alphaproteobacteria		UBA6159	latest	Scaffold	Major	Full	10/4/17	ASM242234v1	University of Queensland	ftp://ftp.ncbi.nlm.nih.gov/genomes/all/GCA/002/422/345/GCA_002422345.1_ASM242234v1	./genbank/bacteria/GCA_002422345.1/GCA_002422345.1_ASM242234v1_genomic.fna.gz
GCA_002429885.1	PRJNA348753	SAMN06450386	DJBC00000000.1	1945914	1945914	Achromobacter sp. UBA5986	Betaproteobacteria		UBA5986	latest	Scaffold	Major	Full	10/4/17	ASM242988v1	University of Queensland	ftp://ftp.ncbi.nlm.nih.gov/genomes/all/GCA/002/429/885/GCA_002429885.1_ASM242988v1	./genbank/bacteria/GCA_002429885.1/GCA_002429885.1_ASM242988v1_genomic.fna.gz
GCA_002433075.1	PRJNA348753	SAMN06452352	DJHM00000000.1	1948115	1948115	Latescibacteria bacterium UBA6620	Candidatus Latescibacteria		UBA6620	latest	Scaffold	Major	Full	10/4/17	ASM243307v1	University of Queensland	ftp://ftp.ncbi.nlm.nih.gov/genomes/all/GCA/002/433/075/GCA_002433075.1_ASM243307v1	./genbank/bacteria/GCA_002433075.1/GCA_002433075.1_ASM243307v1_genomic.fna.gz
GCA_002433205.1	PRJNA348753	SAMN06457120	DJHR00000000.1	1948432	1948432	Alphaproteobacteria bacterium UBA6615	Alphaproteobacteria		UBA6615	latest	Scaffold	Major	Full	10/4/17	ASM243320v1	University of Queensland	ftp://ftp.ncbi.nlm.nih.gov/genomes/all/GCA/002/433/205/GCA_002433205.1_ASM243320v1	./genbank/bacteria/GCA_002433205.1/GCA_002433205.1_ASM243320v1_genomic.fna.gz
GCA_002433335.1	PRJNA348753	SAMN06452599	DJHY00000000.1	1952863	1952863	Rhodospirillaceae bacterium UBA6608	Alphaproteobacteria		UBA6608	latest	Scaffold	Major	Full	10/4/17	ASM243333v1	University of Queensland	ftp://ftp.ncbi.nlm.nih.gov/genomes/all/GCA/002/433/335/GCA_002433335.1_ASM243333v1	./genbank/bacteria/GCA_002433335.1/GCA_002433335.1_ASM243333v1_genomic.fna.gz
GCA_002433405.1	PRJNA348753	SAMN06452602	DJIB00000000.1	1948431	1948431	Alphaproteobacteria bacterium UBA6605	Alphaproteobacteria		UBA6605	latest	Scaffold	Major	Full	10/4/17	ASM243340v1	University of Queensland	ftp://ftp.ncbi.nlm.nih.gov/genomes/all/GCA/002/433/405/GCA_002433405.1_ASM243340v1	./genbank/bacteria/GCA_002433405.1/GCA_002433405.1_ASM243340v1_genomic.fna.gz
GCA_002434595.1	PRJNA348753	SAMN06450461	DJKK00000000.1	1948430	1948430	Alphaproteobacteria bacterium UBA6544	Alphaproteobacteria		UBA6544	latest	Scaffold	Major	Full	10/4/17	ASM243459v1	University of Queensland	ftp://ftp.ncbi.nlm.nih.gov/genomes/all/GCA/002/434/595/GCA_002434595.1_ASM243459v1	./genbank/bacteria/GCA_002434595.1/GCA_002434595.1_ASM243459v1_genomic.fna.gz
GCA_002450295.1	PRJNA348753	SAMN06455099	DJYX00000000.1	1948563	1948563	Deltaproteobacteria bacterium UBA6967	Deltaproteobacteria		UBA6967	latest	Scaffold	Major	Full	10/5/17	ASM245029v1	University of Queensland	ftp://ftp.ncbi.nlm.nih.gov/genomes/all/GCA/002/450/295/GCA_002450295.1_ASM245029v1	./genbank/bacteria/GCA_002450295.1/GCA_002450295.1_ASM245029v1_genomic.fna.gz
GCA_002450755.1	PRJNA348753	SAMN06457290	DKAI00000000.1	1948562	1948562	Deltaproteobacteria bacterium UBA6930	Deltaproteobacteria		UBA6930	latest	Scaffold	Major	Full	10/5/17	ASM245075v1	University of Queensland	ftp://ftp.ncbi.nlm.nih.gov/genomes/all/GCA/002/450/755/GCA_002450755.1_ASM245075v1	./genbank/bacteria/GCA_002450755.1/GCA_002450755.1_ASM245075v1_genomic.fna.gz
GCA_002469795.1	PRJNA348753	SAMN06456151	DKNU00000000.1	1946152	1946152	Candidatus Endolissoclinum sp. UBA7380	Alphaproteobacteria		UBA7380	latest	Scaffold	Major	Full	10/6/17	ASM246979v1	University of Queensland	ftp://ftp.ncbi.nlm.nih.gov/genomes/all/GCA/002/469/795/GCA_002469795.1_ASM246979v1	./genbank/bacteria/GCA_002469795.1/GCA_002469795.1_ASM246979v1_genomic.fna.gz
GCA_002471325.1	PRJNA348753	SAMN06454314	DKPU00000000.1	1946151	1946151	Candidatus Endolissoclinum sp. UBA7326	Alphaproteobacteria		UBA7326	latest	Scaffold	Major	Full	10/6/17	ASM247132v1	University of Queensland	ftp://ftp.ncbi.nlm.nih.gov/genomes/all/GCA/002/471/325/GCA_002471325.1_ASM247132v1	./genbank/bacteria/GCA_002471325.1/GCA_002471325.1_ASM247132v1_genomic.fna.gz
GCA_002471575.1	PRJNA348753	SAMN06450336	DKQG00000000.1	1948440	1948440	Alphaproteobacteria bacterium UBA7314	Alphaproteobacteria		UBA7314	latest	Scaffold	Major	Full	10/6/17	ASM247157v1	University of Queensland	ftp://ftp.ncbi.nlm.nih.gov/genomes/all/GCA/002/471/575/GCA_002471575.1_ASM247157v1	./genbank/bacteria/GCA_002471575.1/GCA_002471575.1_ASM247157v1_genomic.fna.gz
GCA_002484205.1	PRJNA348753	SAMN06454431	DLJJ00000000.1	1946005	1946005	Alicycliphilus sp. UBA7619	Betaproteobacteria		UBA7619	latest	Scaffold	Major	Full	10/6/17	ASM248420v1	University of Queensland	ftp://ftp.ncbi.nlm.nih.gov/genomes/all/GCA/002/484/205/GCA_002484205.1_ASM248420v1	./genbank/bacteria/GCA_002484205.1/GCA_002484205.1_ASM248420v1_genomic.fna.gz
GCA_002500465.1	PRJNA348753	SAMN06455355	DLRH00000000.1	1948448	1948448	Alphaproteobacteria bacterium UBA7893	Alphaproteobacteria		UBA7893	latest	Scaffold	Major	Full	10/10/17	ASM250046v1	University of Queensland	ftp://ftp.ncbi.nlm.nih.gov/genomes/all/GCA/002/500/465/GCA_002500465.1_ASM250046v1	./genbank/bacteria/GCA_002500465.1/GCA_002500465.1_ASM250046v1_genomic.fna.gz
GCA_002683655.1	PRJNA391943	SAMN07618660	NYTS00000000.1	2026735	2026735	Deltaproteobacteria bacterium	Deltaproteobacteria	Marine	CPC61	latest	Contig	Major	Full	10/24/17	ASM268365v1	Tara Oceans Consortium	ftp://ftp.ncbi.nlm.nih.gov/genomes/all/GCA/002/683/655/GCA_002683655.1_ASM268365v1	./genbank/bacteria/GCA_002683655.1/GCA_002683655.1_ASM268365v1_genomic.fna.gz
GCA_002684675.1	PRJNA391943	SAMN07618658	NYVT00000000.1	2026735	2026735	Deltaproteobacteria bacterium	Deltaproteobacteria	Marine	CPC295	latest	Contig	Major	Full	10/24/17	ASM268467v1	Tara Oceans Consortium	ftp://ftp.ncbi.nlm.nih.gov/genomes/all/GCA/002/684/675/GCA_002684675.1_ASM268467v1	./genbank/bacteria/GCA_002684675.1/GCA_002684675.1_ASM268467v1_genomic.fna.gz
GCA_002689605.1	PRJNA391943	SAMN07618923	NZGY00000000.1	2024831	2024831	Filomicrobium sp.	Alphaproteobacteria	Marine	MED665	latest	Contig	Major	Full	10/24/17	ASM268960v1	Tara Oceans Consortium	ftp://ftp.ncbi.nlm.nih.gov/genomes/all/GCA/002/689/605/GCA_002689605.1_ASM268960v1	./genbank/bacteria/GCA_002689605.1/GCA_002689605.1_ASM268960v1_genomic.fna.gz
GCA_002690215.1	PRJNA391943	SAMN07619952	NZDS00000000.1	1898112	1898112	Rhodospirillaceae bacterium	Alphaproteobacteria	Marine	ARS1032	latest	Contig	Major	Full	10/24/17	ASM269021v1	Tara Oceans Consortium	ftp://ftp.ncbi.nlm.nih.gov/genomes/all/GCA/002/690/215/GCA_002690215.1_ASM269021v1	./genbank/bacteria/GCA_002690215.1/GCA_002690215.1_ASM269021v1_genomic.fna.gz
GCA_002690255.1	PRJNA391943	SAMN07619876	NZDV00000000.1	1904441	1904441	Rhodobacteraceae bacterium	Alphaproteobacteria	Marine	ARS1029	latest	Contig	Major	Full	10/24/17	ASM269025v1	Tara Oceans Consortium	ftp://ftp.ncbi.nlm.nih.gov/genomes/all/GCA/002/690/255/GCA_002690255.1_ASM269025v1	./genbank/bacteria/GCA_002690255.1/GCA_002690255.1_ASM269025v1_genomic.fna.gz
GCA_002690525.1	PRJNA391943	SAMN07620098	NZEX00000000.1	2024889	2024889	SAR324 cluster bacterium	Deltaproteobacteria	Marine	MED745	latest	Contig	Major	Full	10/24/17	ASM269052v1	Tara Oceans Consortium	ftp://ftp.ncbi.nlm.nih.gov/genomes/all/GCA/002/690/525/GCA_002690525.1_ASM269052v1	./genbank/bacteria/GCA_002690525.1/GCA_002690525.1_ASM269052v1_genomic.fna.gz
GCA_002690685.1	PRJNA391943	SAMN07619511	NZFM00000000.1	2024842	2024842	Nisaea sp.	Alphaproteobacteria	Marine	MED717	latest	Contig	Major	Full	10/24/17	ASM269068v1	Tara Oceans Consortium	ftp://ftp.ncbi.nlm.nih.gov/genomes/all/GCA/002/690/685/GCA_002690685.1_ASM269068v1	./genbank/bacteria/GCA_002690685.1/GCA_002690685.1_ASM269068v1_genomic.fna.gz
GCA_002690995.1	PRJNA391943	SAMN07619959	NZGS00000000.1	1898112	1898112	Rhodospirillaceae bacterium	Alphaproteobacteria	Marine	MED674	latest	Contig	Major	Full	10/24/17	ASM269099v1	Tara Oceans Consortium	ftp://ftp.ncbi.nlm.nih.gov/genomes/all/GCA/002/690/995/GCA_002690995.1_ASM269099v1	./genbank/bacteria/GCA_002690995.1/GCA_002690995.1_ASM269099v1_genomic.fna.gz
GCA_002691525.1	PRJNA391943	SAMN07620166	NZHV00000000.1	2026796	2026796	Thiotrichales bacterium	Gammaproteobacteria	Marine	MED634	latest	Contig	Major	Full	10/24/17	ASM269152v1	Tara Oceans Consortium	ftp://ftp.ncbi.nlm.nih.gov/genomes/all/GCA/002/691/525/GCA_002691525.1_ASM269152v1	./genbank/bacteria/GCA_002691525.1/GCA_002691525.1_ASM269152v1_genomic.fna.gz
GCA_002691795.1	PRJNA391943	SAMN07620088	NZIY00000000.1	2024888	2024888	SAR116 cluster bacterium	Alphaproteobacteria	Marine	MED585	latest	Contig	Major	Full	10/24/17	ASM269179v1	Tara Oceans Consortium	ftp://ftp.ncbi.nlm.nih.gov/genomes/all/GCA/002/691/795/GCA_002691795.1_ASM269179v1	./genbank/bacteria/GCA_002691795.1/GCA_002691795.1_ASM269179v1_genomic.fna.gz
GCA_002692375.1	PRJNA391943	SAMN07619957	NZJZ00000000.1	1898112	1898112	Rhodospirillaceae bacterium	Alphaproteobacteria	Marine	MED1079	latest	Contig	Major	Full	10/24/17	ASM269237v1	Tara Oceans Consortium	ftp://ftp.ncbi.nlm.nih.gov/genomes/all/GCA/002/692/375/GCA_002692375.1_ASM269237v1	./genbank/bacteria/GCA_002692375.1/GCA_002692375.1_ASM269237v1_genomic.fna.gz
GCA_002692905.1	PRJNA391943	SAMN07618308	NZMK00000000.1	1913988	1913988	Alphaproteobacteria bacterium	Alphaproteobacteria	Marine	IN1311	latest	Contig	Major	Full	10/24/17	ASM269290v1	Tara Oceans Consortium	ftp://ftp.ncbi.nlm.nih.gov/genomes/all/GCA/002/692/905/GCA_002692905.1_ASM269290v1	./genbank/bacteria/GCA_002692905.1/GCA_002692905.1_ASM269290v1_genomic.fna.gz
GCA_002693105.1	PRJNA391943	SAMN07619956	NZOD00000000.1	1898112	1898112	Rhodospirillaceae bacterium	Alphaproteobacteria	Marine	EAC712	latest	Contig	Major	Full	10/24/17	ASM269310v1	Tara Oceans Consortium	ftp://ftp.ncbi.nlm.nih.gov/genomes/all/GCA/002/693/105/GCA_002693105.1_ASM269310v1	./genbank/bacteria/GCA_002693105.1/GCA_002693105.1_ASM269310v1_genomic.fna.gz
GCA_002693245.1	PRJNA391943	SAMN07618135	NZPA00000000.1	2024893	2024893	Acidiferrobacteraceae bacterium	Gammaproteobacteria	Marine	EAC671	latest	Contig	Major	Full	10/24/17	ASM269324v1	Tara Oceans Consortium	ftp://ftp.ncbi.nlm.nih.gov/genomes/all/GCA/002/693/245/GCA_002693245.1_ASM269324v1	./genbank/bacteria/GCA_002693245.1/GCA_002693245.1_ASM269324v1_genomic.fna.gz
GCA_002694075.1	PRJNA391943	SAMN07619512	NZLB00000000.1	2024842	2024842	Nisaea sp.	Alphaproteobacteria	Marine	IN45	latest	Contig	Major	Full	10/24/17	ASM269407v1	Tara Oceans Consortium	ftp://ftp.ncbi.nlm.nih.gov/genomes/all/GCA/002/694/075/GCA_002694075.1_ASM269407v1	./genbank/bacteria/GCA_002694075.1/GCA_002694075.1_ASM269407v1_genomic.fna.gz
GCA_002695715.1	PRJNA391943	SAMN07619308	NZPX00000000.1	2024836	2024836	Magnetovibrio sp.	Alphaproteobacteria	Marine	EAC64	latest	Contig	Major	Full	10/24/17	ASM269571v1	Tara Oceans Consortium	ftp://ftp.ncbi.nlm.nih.gov/genomes/all/GCA/002/695/715/GCA_002695715.1_ASM269571v1	./genbank/bacteria/GCA_002695715.1/GCA_002695715.1_ASM269571v1_genomic.fna.gz
GCA_002696205.1	PRJNA391943	SAMN07620005	NZRL00000000.1	1898112	1898112	Rhodospirillaceae bacterium	Alphaproteobacteria	Marine	EAC36	latest	Contig	Major	Full	10/24/17	ASM269620v1	Tara Oceans Consortium	ftp://ftp.ncbi.nlm.nih.gov/genomes/all/GCA/002/696/205/GCA_002696205.1_ASM269620v1	./genbank/bacteria/GCA_002696205.1/GCA_002696205.1_ASM269620v1_genomic.fna.gz
GCA_002696905.1	PRJNA391943	SAMN07619955	NZTB00000000.1	1898112	1898112	Rhodospirillaceae bacterium	Alphaproteobacteria	Marine	EAC123	latest	Contig	Major	Full	10/24/17	ASM269690v1	Tara Oceans Consortium	ftp://ftp.ncbi.nlm.nih.gov/genomes/all/GCA/002/696/905/GCA_002696905.1_ASM269690v1	./genbank/bacteria/GCA_002696905.1/GCA_002696905.1_ASM269690v1_genomic.fna.gz
GCA_002698075.1	PRJNA391943	SAMN07620094	NZUZ00000000.1	2024888	2024888	SAR116 cluster bacterium	Alphaproteobacteria	Marine	NAT72	latest	Contig	Major	Full	10/24/17	ASM269807v1	Tara Oceans Consortium	ftp://ftp.ncbi.nlm.nih.gov/genomes/all/GCA/002/698/075/GCA_002698075.1_ASM269807v1	./genbank/bacteria/GCA_002698075.1/GCA_002698075.1_ASM269807v1_genomic.fna.gz
GCA_002699335.1	PRJNA391943	SAMN07619758	PACG00000000.1	2026781	2026781	Candidatus Poribacteria bacterium	Candidatus Poribacteria	Marine	NAT1	latest	Contig	Major	Full	10/24/17	ASM269933v1	Tara Oceans Consortium	ftp://ftp.ncbi.nlm.nih.gov/genomes/all/GCA/002/699/335/GCA_002699335.1_ASM269933v1	./genbank/bacteria/GCA_002699335.1/GCA_002699335.1_ASM269933v1_genomic.fna.gz
GCA_002701455.1	PRJNA391943	SAMN07619963	NZVJ00000000.1	1898112	1898112	Rhodospirillaceae bacterium	Alphaproteobacteria	Marine	NAT66	latest	Contig	Major	Full	10/24/17	ASM270145v1	Tara Oceans Consortium	ftp://ftp.ncbi.nlm.nih.gov/genomes/all/GCA/002/701/455/GCA_002701455.1_ASM270145v1	./genbank/bacteria/GCA_002701455.1/GCA_002701455.1_ASM270145v1_genomic.fna.gz
GCA_002702005.1	PRJNA391943	SAMN07619961	NZXI00000000.1	1898112	1898112	Rhodospirillaceae bacterium	Alphaproteobacteria	Marine	NAT39	latest	Contig	Major	Full	10/24/17	ASM270200v1	Tara Oceans Consortium	ftp://ftp.ncbi.nlm.nih.gov/genomes/all/GCA/002/702/005/GCA_002702005.1_ASM270200v1	./genbank/bacteria/GCA_002702005.1/GCA_002702005.1_ASM270200v1_genomic.fna.gz
GCA_002702965.1	PRJNA391943	SAMN07619703	PADE00000000.1	2026779	2026779	Planctomycetaceae bacterium	PVC;Planctomycetes	Marine	NAT155	latest	Contig	Major	Full	10/24/17	ASM270296v1	Tara Oceans Consortium	ftp://ftp.ncbi.nlm.nih.gov/genomes/all/GCA/002/702/965/GCA_002702965.1_ASM270296v1	./genbank/bacteria/GCA_002702965.1/GCA_002702965.1_ASM270296v1_genomic.fna.gz
GCA_002703485.1	PRJNA391943	SAMN07620405	NZSN00000000.1	1913989	1913989	Gammaproteobacteria bacterium	Gammaproteobacteria	Marine	EAC1995	latest	Contig	Major	Full	10/24/17	ASM270348v1	Tara Oceans Consortium	ftp://ftp.ncbi.nlm.nih.gov/genomes/all/GCA/002/703/485/GCA_002703485.1_ASM270348v1	./genbank/bacteria/GCA_002703485.1/GCA_002703485.1_ASM270348v1_genomic.fna.gz
GCA_002704205.1	PRJNA391943	SAMN07620013	PAFM00000000.1	1898112	1898112	Rhodospirillaceae bacterium	Alphaproteobacteria	Marine	MED821	latest	Contig	Major	Full	10/25/17	ASM270420v1	Tara Oceans Consortium	ftp://ftp.ncbi.nlm.nih.gov/genomes/all/GCA/002/704/205/GCA_002704205.1_ASM270420v1	./genbank/bacteria/GCA_002704205.1/GCA_002704205.1_ASM270420v1_genomic.fna.gz
GCA_002704805.1	PRJNA391943	SAMN07620167	PAJF00000000.1	2026796	2026796	Thiotrichales bacterium	Gammaproteobacteria	Marine	NAT226	latest	Contig	Major	Full	10/25/17	ASM270480v1	Tara Oceans Consortium	ftp://ftp.ncbi.nlm.nih.gov/genomes/all/GCA/002/704/805/GCA_002704805.1_ASM270480v1	./genbank/bacteria/GCA_002704805.1/GCA_002704805.1_ASM270480v1_genomic.fna.gz
GCA_002704915.1	PRJNA391943	SAMN07619607	PAIP00000000.1	1979207	1979207	Parvularcula sp.	Alphaproteobacteria	Marine	NAT21	latest	Contig	Major	Full	10/25/17	ASM270491v1	Tara Oceans Consortium	ftp://ftp.ncbi.nlm.nih.gov/genomes/all/GCA/002/704/915/GCA_002704915.1_ASM270491v1	./genbank/bacteria/GCA_002704915.1/GCA_002704915.1_ASM270491v1_genomic.fna.gz
GCA_002706405.1	PRJNA391943	SAMN07620021	PALN00000000.1	1898112	1898112	Rhodospirillaceae bacterium	Alphaproteobacteria	Marine	SAT42	latest	Contig	Major	Full	10/25/17	ASM270640v1	Tara Oceans Consortium	ftp://ftp.ncbi.nlm.nih.gov/genomes/all/GCA/002/706/405/GCA_002706405.1_ASM270640v1	./genbank/bacteria/GCA_002706405.1/GCA_002706405.1_ASM270640v1_genomic.fna.gz
GCA_002708305.1	PRJNA391943	SAMN07619983	PANE00000000.1	1898112	1898112	Rhodospirillaceae bacterium	Alphaproteobacteria	Marine	SAT2755	latest	Contig	Major	Full	10/25/17	ASM270830v1	Tara Oceans Consortium	ftp://ftp.ncbi.nlm.nih.gov/genomes/all/GCA/002/708/305/GCA_002708305.1_ASM270830v1	./genbank/bacteria/GCA_002708305.1/GCA_002708305.1_ASM270830v1_genomic.fna.gz
GCA_002709155.1	PRJNA391943	SAMN07619987	PAQA00000000.1	1898112	1898112	Rhodospirillaceae bacterium	Alphaproteobacteria	Marine	SP147	latest	Contig	Major	Full	10/25/17	ASM270915v1	Tara Oceans Consortium	ftp://ftp.ncbi.nlm.nih.gov/genomes/all/GCA/002/709/155/GCA_002709155.1_ASM270915v1	./genbank/bacteria/GCA_002709155.1/GCA_002709155.1_ASM270915v1_genomic.fna.gz
GCA_002709445.1	PRJNA391943	SAMN07619312	PAQW00000000.1	2024836	2024836	Magnetovibrio sp.	Alphaproteobacteria	Marine	SP125	latest	Contig	Major	Full	10/25/17	ASM270944v1	Tara Oceans Consortium	ftp://ftp.ncbi.nlm.nih.gov/genomes/all/GCA/002/709/445/GCA_002709445.1_ASM270944v1	./genbank/bacteria/GCA_002709445.1/GCA_002709445.1_ASM270944v1_genomic.fna.gz
GCA_002709525.1	PRJNA391943	SAMN07619311	PARE00000000.1	2024836	2024836	Magnetovibrio sp.	Alphaproteobacteria	Marine	SP115	latest	Contig	Major	Full	10/25/17	ASM270952v1	Tara Oceans Consortium	ftp://ftp.ncbi.nlm.nih.gov/genomes/all/GCA/002/709/525/GCA_002709525.1_ASM270952v1	./genbank/bacteria/GCA_002709525.1/GCA_002709525.1_ASM270952v1_genomic.fna.gz
GCA_002709695.1	PRJNA391943	SAMN07619766	PAQF00000000.1	2026781	2026781	Candidatus Poribacteria bacterium	Candidatus Poribacteria	Marine	SP142	latest	Contig	Major	Full	10/25/17	ASM270969v1	Tara Oceans Consortium	ftp://ftp.ncbi.nlm.nih.gov/genomes/all/GCA/002/709/695/GCA_002709695.1_ASM270969v1	./genbank/bacteria/GCA_002709695.1/GCA_002709695.1_ASM270969v1_genomic.fna.gz
GCA_002711555.1	PRJNA391943	SAMN07619985	PARQ00000000.1	1898112	1898112	Rhodospirillaceae bacterium	Alphaproteobacteria	Marine	SP102	latest	Contig	Major	Full	10/25/17	ASM271155v1	Tara Oceans Consortium	ftp://ftp.ncbi.nlm.nih.gov/genomes/all/GCA/002/711/555/GCA_002711555.1_ASM271155v1	./genbank/bacteria/GCA_002711555.1/GCA_002711555.1_ASM271155v1_genomic.fna.gz
GCA_002712335.1	PRJNA391943	SAMN07619981	PATI00000000.1	1898112	1898112	Rhodospirillaceae bacterium	Alphaproteobacteria	Marine	SAT1609	latest	Contig	Major	Full	10/25/17	ASM271233v1	Tara Oceans Consortium	ftp://ftp.ncbi.nlm.nih.gov/genomes/all/GCA/002/712/335/GCA_002712335.1_ASM271233v1	./genbank/bacteria/GCA_002712335.1/GCA_002712335.1_ASM271233v1_genomic.fna.gz
GCA_002712985.1	PRJNA391943	SAMN07619978	PAVD00000000.1	1898112	1898112	Rhodospirillaceae bacterium	Alphaproteobacteria	Marine	SAT1449	latest	Contig	Major	Full	10/25/17	ASM271298v1	Tara Oceans Consortium	ftp://ftp.ncbi.nlm.nih.gov/genomes/all/GCA/002/712/985/GCA_002712985.1_ASM271298v1	./genbank/bacteria/GCA_002712985.1/GCA_002712985.1_ASM271298v1_genomic.fna.gz
GCA_002713365.1	PRJNA391943	SAMN07619982	PASR00000000.1	1898112	1898112	Rhodospirillaceae bacterium	Alphaproteobacteria	Marine	SAT177	latest	Contig	Major	Full	10/25/17	ASM271336v1	Tara Oceans Consortium	ftp://ftp.ncbi.nlm.nih.gov/genomes/all/GCA/002/713/365/GCA_002713365.1_ASM271336v1	./genbank/bacteria/GCA_002713365.1/GCA_002713365.1_ASM271336v1_genomic.fna.gz
GCA_002713745.1	PRJNA391943	SAMN07619979	PAUK00000000.1	1898112	1898112	Rhodospirillaceae bacterium	Alphaproteobacteria	Marine	SAT1507	latest	Contig	Major	Full	10/25/17	ASM271374v1	Tara Oceans Consortium	ftp://ftp.ncbi.nlm.nih.gov/genomes/all/GCA/002/713/745/GCA_002713745.1_ASM271374v1	./genbank/bacteria/GCA_002713745.1/GCA_002713745.1_ASM271374v1_genomic.fna.gz
GCA_002714255.1	PRJNA391943	SAMN07618144	PAWW00000000.1	2024893	2024893	Acidiferrobacteraceae bacterium	Gammaproteobacteria	Marine	SAT1331	latest	Contig	Major	Full	10/25/17	ASM271425v1	Tara Oceans Consortium	ftp://ftp.ncbi.nlm.nih.gov/genomes/all/GCA/002/714/255/GCA_002714255.1_ASM271425v1	./genbank/bacteria/GCA_002714255.1/GCA_002714255.1_ASM271425v1_genomic.fna.gz
GCA_002715005.1	PRJNA391943	SAMN07620020	PAXN00000000.1	1898112	1898112	Rhodospirillaceae bacterium	Alphaproteobacteria	Marine	SAT126	latest	Contig	Major	Full	10/25/17	ASM271500v1	Tara Oceans Consortium	ftp://ftp.ncbi.nlm.nih.gov/genomes/all/GCA/002/715/005/GCA_002715005.1_ASM271500v1	./genbank/bacteria/GCA_002715005.1/GCA_002715005.1_ASM271500v1_genomic.fna.gz
GCA_002716125.1	PRJNA391943	SAMN07620003	PAZH00000000.1	1898112	1898112	Rhodospirillaceae bacterium	Alphaproteobacteria	Marine	SP8	latest	Contig	Major	Full	10/25/17	ASM271612v1	Tara Oceans Consortium	ftp://ftp.ncbi.nlm.nih.gov/genomes/all/GCA/002/716/125/GCA_002716125.1_ASM271612v1	./genbank/bacteria/GCA_002716125.1/GCA_002716125.1_ASM271612v1_genomic.fna.gz
GCA_002717045.1	PRJNA391943	SAMN07619562	PBCM00000000.1	2006848	2006848	Opitutaceae bacterium	PVC;Verrucomicrobia	Marine	SP4023	latest	Contig	Major	Full	10/25/17	ASM271704v1	Tara Oceans Consortium	ftp://ftp.ncbi.nlm.nih.gov/genomes/all/GCA/002/717/045/GCA_002717045.1_ASM271704v1	./genbank/bacteria/GCA_002717045.1/GCA_002717045.1_ASM271704v1_genomic.fna.gz
GCA_002717105.1	PRJNA391943	SAMN07618314	PBCT00000000.1	1913988	1913988	Alphaproteobacteria bacterium	Alphaproteobacteria	Marine	SP3983	latest	Contig	Major	Full	10/25/17	ASM271710v1	Tara Oceans Consortium	ftp://ftp.ncbi.nlm.nih.gov/genomes/all/GCA/002/717/105/GCA_002717105.1_ASM271710v1	./genbank/bacteria/GCA_002717105.1/GCA_002717105.1_ASM271710v1_genomic.fna.gz
GCA_002717185.1	PRJNA391943	SAMN07619999	PBDC00000000.1	1898112	1898112	Rhodospirillaceae bacterium	Alphaproteobacteria	Marine	SP360	latest	Contig	Major	Full	10/25/17	ASM271718v1	Tara Oceans Consortium	ftp://ftp.ncbi.nlm.nih.gov/genomes/all/GCA/002/717/185/GCA_002717185.1_ASM271718v1	./genbank/bacteria/GCA_002717185.1/GCA_002717185.1_ASM271718v1_genomic.fna.gz
GCA_002717265.1	PRJNA391943	SAMN07619656	PBDB00000000.1	2026776	2026776	Pelagibacterales bacterium	Alphaproteobacteria	Marine	SP361	latest	Contig	Major	Full	10/25/17	ASM271726v1	Tara Oceans Consortium	ftp://ftp.ncbi.nlm.nih.gov/genomes/all/GCA/002/717/265/GCA_002717265.1_ASM271726v1	./genbank/bacteria/GCA_002717265.1/GCA_002717265.1_ASM271726v1_genomic.fna.gz
GCA_002717545.1	PRJNA391943	SAMN07618313	PBDZ00000000.1	1913988	1913988	Alphaproteobacteria bacterium	Alphaproteobacteria	Marine	SP334	latest	Contig	Major	Full	10/25/17	ASM271754v1	Tara Oceans Consortium	ftp://ftp.ncbi.nlm.nih.gov/genomes/all/GCA/002/717/545/GCA_002717545.1_ASM271754v1	./genbank/bacteria/GCA_002717545.1/GCA_002717545.1_ASM271754v1_genomic.fna.gz
GCA_002717895.1	PRJNA391943	SAMN07620002	PBCK00000000.1	1898112	1898112	Rhodospirillaceae bacterium	Alphaproteobacteria	Marine	SP4027	latest	Contig	Major	Full	10/25/17	ASM271789v1	Tara Oceans Consortium	ftp://ftp.ncbi.nlm.nih.gov/genomes/all/GCA/002/717/895/GCA_002717895.1_ASM271789v1	./genbank/bacteria/GCA_002717895.1/GCA_002717895.1_ASM271789v1_genomic.fna.gz
GCA_002718015.1	PRJNA391943	SAMN07620001	PBCW00000000.1	1898112	1898112	Rhodospirillaceae bacterium	Alphaproteobacteria	Marine	SP3966	latest	Contig	Major	Full	10/25/17	ASM271801v1	Tara Oceans Consortium	ftp://ftp.ncbi.nlm.nih.gov/genomes/all/GCA/002/718/015/GCA_002718015.1_ASM271801v1	./genbank/bacteria/GCA_002718015.1/GCA_002718015.1_ASM271801v1_genomic.fna.gz
GCA_002718135.1	PRJNA391943	SAMN07619640	PBDN00000000.1	2026775	2026775	Pelagibacteraceae bacterium	Alphaproteobacteria	Marine	SP346	latest	Contig	Major	Full	10/25/17	ASM271813v1	Tara Oceans Consortium	ftp://ftp.ncbi.nlm.nih.gov/genomes/all/GCA/002/718/135/GCA_002718135.1_ASM271813v1	./genbank/bacteria/GCA_002718135.1/GCA_002718135.1_ASM271813v1_genomic.fna.gz
GCA_002718155.1	PRJNA391943	SAMN07619804	PBDS00000000.1	1977087	1977087	Proteobacteria bacterium	Unclassified Proteobacteria	Marine	SP340	latest	Contig	Major	Full	10/25/17	ASM271815v1	Tara Oceans Consortium	ftp://ftp.ncbi.nlm.nih.gov/genomes/all/GCA/002/718/155/GCA_002718155.1_ASM271815v1	./genbank/bacteria/GCA_002718155.1/GCA_002718155.1_ASM271815v1_genomic.fna.gz
GCA_002718815.1	PRJNA391943	SAMN07619725	PBFX00000000.1	2026779	2026779	Planctomycetaceae bacterium	PVC;Planctomycetes	Marine	SP3083	latest	Contig	Major	Full	10/25/17	ASM271881v1	Tara Oceans Consortium	ftp://ftp.ncbi.nlm.nih.gov/genomes/all/GCA/002/718/815/GCA_002718815.1_ASM271881v1	./genbank/bacteria/GCA_002718815.1/GCA_002718815.1_ASM271881v1_genomic.fna.gz
GCA_002719885.1	PRJNA391943	SAMN07619997	PBFH00000000.1	1898112	1898112	Rhodospirillaceae bacterium	Alphaproteobacteria	Marine	SP3103	latest	Contig	Major	Full	10/25/17	ASM271988v1	Tara Oceans Consortium	ftp://ftp.ncbi.nlm.nih.gov/genomes/all/GCA/002/719/885/GCA_002719885.1_ASM271988v1	./genbank/bacteria/GCA_002719885.1/GCA_002719885.1_ASM271988v1_genomic.fna.gz
GCA_002720535.1	PRJNA391943	SAMN07619655	PBIU00000000.1	2026776	2026776	Pelagibacterales bacterium	Alphaproteobacteria	Marine	SP299	latest	Contig	Major	Full	10/25/17	ASM272053v1	Tara Oceans Consortium	ftp://ftp.ncbi.nlm.nih.gov/genomes/all/GCA/002/720/535/GCA_002720535.1_ASM272053v1	./genbank/bacteria/GCA_002720535.1/GCA_002720535.1_ASM272053v1_genomic.fna.gz
GCA_002720855.1	PRJNA391943	SAMN07619996	PBIN00000000.1	1898112	1898112	Rhodospirillaceae bacterium	Alphaproteobacteria	Marine	SP3	latest	Contig	Major	Full	10/25/17	ASM272085v1	Tara Oceans Consortium	ftp://ftp.ncbi.nlm.nih.gov/genomes/all/GCA/002/720/855/GCA_002720855.1_ASM272085v1	./genbank/bacteria/GCA_002720855.1/GCA_002720855.1_ASM272085v1_genomic.fna.gz
GCA_002721825.1	PRJNA391943	SAMN07619313	PBLS00000000.1	2024836	2024836	Magnetovibrio sp.	Alphaproteobacteria	Marine	SP232	latest	Contig	Major	Full	10/25/17	ASM272182v1	Tara Oceans Consortium	ftp://ftp.ncbi.nlm.nih.gov/genomes/all/GCA/002/721/825/GCA_002721825.1_ASM272182v1	./genbank/bacteria/GCA_002721825.1/GCA_002721825.1_ASM272182v1_genomic.fna.gz
GCA_002722095.1	PRJNA391943	SAMN07619992	PBKG00000000.1	1898112	1898112	Rhodospirillaceae bacterium	Alphaproteobacteria	Marine	SP275	latest	Contig	Major	Full	10/25/17	ASM272209v1	Tara Oceans Consortium	ftp://ftp.ncbi.nlm.nih.gov/genomes/all/GCA/002/722/095/GCA_002722095.1_ASM272209v1	./genbank/bacteria/GCA_002722095.1/GCA_002722095.1_ASM272209v1_genomic.fna.gz
GCA_002722775.1	PRJNA391943	SAMN07619991	PBMU00000000.1	1898112	1898112	Rhodospirillaceae bacterium	Alphaproteobacteria	Marine	SP205	latest	Contig	Major	Full	10/25/17	ASM272277v1	Tara Oceans Consortium	ftp://ftp.ncbi.nlm.nih.gov/genomes/all/GCA/002/722/775/GCA_002722775.1_ASM272277v1	./genbank/bacteria/GCA_002722775.1/GCA_002722775.1_ASM272277v1_genomic.fna.gz
GCA_002724215.1	PRJNA391943	SAMN07619164	PBOD00000000.1	2026742	2026742	Gemmatimonadetes bacterium	Gemmatimonadetes	Marine	RS822	latest	Contig	Major	Full	10/26/17	ASM272421v1	Tara Oceans Consortium	ftp://ftp.ncbi.nlm.nih.gov/genomes/all/GCA/002/724/215/GCA_002724215.1_ASM272421v1	./genbank/bacteria/GCA_002724215.1/GCA_002724215.1_ASM272421v1_genomic.fna.gz
GCA_002724245.1	PRJNA391943	SAMN07619714	PBOG00000000.1	2026779	2026779	Planctomycetaceae bacterium	PVC;Planctomycetes	Marine	RS398	latest	Contig	Major	Full	10/26/17	ASM272424v1	Tara Oceans Consortium	ftp://ftp.ncbi.nlm.nih.gov/genomes/all/GCA/002/724/245/GCA_002724245.1_ASM272424v1	./genbank/bacteria/GCA_002724245.1/GCA_002724245.1_ASM272424v1_genomic.fna.gz
GCA_002724395.1	PRJNA391943	SAMN07619972	PBOR00000000.1	1898112	1898112	Rhodospirillaceae bacterium	Alphaproteobacteria	Marine	RS386	latest	Contig	Major	Full	10/26/17	ASM272439v1	Tara Oceans Consortium	ftp://ftp.ncbi.nlm.nih.gov/genomes/all/GCA/002/724/395/GCA_002724395.1_ASM272439v1	./genbank/bacteria/GCA_002724395.1/GCA_002724395.1_ASM272439v1_genomic.fna.gz
GCA_002724505.1	PRJNA391943	SAMN07620019	PBOV00000000.1	1898112	1898112	Rhodospirillaceae bacterium	Alphaproteobacteria	Marine	RS382	latest	Contig	Major	Full	10/26/17	ASM272450v1	Tara Oceans Consortium	ftp://ftp.ncbi.nlm.nih.gov/genomes/all/GCA/002/724/505/GCA_002724505.1_ASM272450v1	./genbank/bacteria/GCA_002724505.1/GCA_002724505.1_ASM272450v1_genomic.fna.gz
GCA_002724555.1	PRJNA391943	SAMN07620258	PBOZ00000000.1	2026788	2026788	Rickettsiales bacterium	Alphaproteobacteria	Marine	RS378	latest	Contig	Major	Full	10/26/17	ASM272455v1	Tara Oceans Consortium	ftp://ftp.ncbi.nlm.nih.gov/genomes/all/GCA/002/724/555/GCA_002724555.1_ASM272455v1	./genbank/bacteria/GCA_002724555.1/GCA_002724555.1_ASM272455v1_genomic.fna.gz
GCA_002725185.1	PRJNA391943	SAMN07618142	PBQY00000000.1	2024893	2024893	Acidiferrobacteraceae bacterium	Gammaproteobacteria	Marine	NP97	latest	Contig	Major	Full	10/26/17	ASM272518v1	Tara Oceans Consortium	ftp://ftp.ncbi.nlm.nih.gov/genomes/all/GCA/002/725/185/GCA_002725185.1_ASM272518v1	./genbank/bacteria/GCA_002725185.1/GCA_002725185.1_ASM272518v1_genomic.fna.gz
GCA_002725415.1	PRJNA391943	SAMN07619971	PBOX00000000.1	1898112	1898112	Rhodospirillaceae bacterium	Alphaproteobacteria	Marine	RS380	latest	Contig	Major	Full	10/26/17	ASM272541v1	Tara Oceans Consortium	ftp://ftp.ncbi.nlm.nih.gov/genomes/all/GCA/002/725/415/GCA_002725415.1_ASM272541v1	./genbank/bacteria/GCA_002725415.1/GCA_002725415.1_ASM272541v1_genomic.fna.gz
GCA_002725835.1	PRJNA391943	SAMN07618141	PBRH00000000.1	2024893	2024893	Acidiferrobacteraceae bacterium	Gammaproteobacteria	Marine	NP959	latest	Contig	Major	Full	10/26/17	ASM272583v1	Tara Oceans Consortium	ftp://ftp.ncbi.nlm.nih.gov/genomes/all/GCA/002/725/835/GCA_002725835.1_ASM272583v1	./genbank/bacteria/GCA_002725835.1/GCA_002725835.1_ASM272583v1_genomic.fna.gz
GCA_002726515.1	PRJNA391943	SAMN07619706	PBTE00000000.1	2026779	2026779	Planctomycetaceae bacterium	PVC;Planctomycetes	Marine	NP69	latest	Contig	Major	Full	10/26/17	ASM272651v1	Tara Oceans Consortium	ftp://ftp.ncbi.nlm.nih.gov/genomes/all/GCA/002/726/515/GCA_002726515.1_ASM272651v1	./genbank/bacteria/GCA_002726515.1/GCA_002726515.1_ASM272651v1_genomic.fna.gz
GCA_002727395.1	PRJNA391943	SAMN07620027	PBWY00000000.1	2026786	2026786	Rhodospirillales bacterium	Alphaproteobacteria	Marine	RS665	latest	Contig	Major	Full	10/26/17	ASM272739v1	Tara Oceans Consortium	ftp://ftp.ncbi.nlm.nih.gov/genomes/all/GCA/002/727/395/GCA_002727395.1_ASM272739v1	./genbank/bacteria/GCA_002727395.1/GCA_002727395.1_ASM272739v1_genomic.fna.gz
GCA_002727475.1	PRJNA391943	SAMN07620170	PBXD00000000.1	2026796	2026796	Thiotrichales bacterium	Gammaproteobacteria	Marine	RS615	latest	Contig	Major	Full	10/26/17	ASM272747v1	Tara Oceans Consortium	ftp://ftp.ncbi.nlm.nih.gov/genomes/all/GCA/002/727/475/GCA_002727475.1_ASM272747v1	./genbank/bacteria/GCA_002727475.1/GCA_002727475.1_ASM272747v1_genomic.fna.gz
GCA_002727965.1	PRJNA391943	SAMN07619310	PBUS00000000.1	2024836	2024836	Magnetovibrio sp.	Alphaproteobacteria	Marine	RS450	latest	Contig	Major	Full	10/26/17	ASM272796v1	Tara Oceans Consortium	ftp://ftp.ncbi.nlm.nih.gov/genomes/all/GCA/002/727/965/GCA_002727965.1_ASM272796v1	./genbank/bacteria/GCA_002727965.1/GCA_002727965.1_ASM272796v1_genomic.fna.gz
GCA_002728095.1	PRJNA391943	SAMN07619892	PBVC00000000.1	1904441	1904441	Rhodobacteraceae bacterium	Alphaproteobacteria	Marine	RS437	latest	Contig	Major	Full	10/26/17	ASM272809v1	Tara Oceans Consortium	ftp://ftp.ncbi.nlm.nih.gov/genomes/all/GCA/002/728/095/GCA_002728095.1_ASM272809v1	./genbank/bacteria/GCA_002728095.1/GCA_002728095.1_ASM272809v1_genomic.fna.gz
GCA_002728255.1	PRJNA391943	SAMN07619976	PBWV00000000.1	1898112	1898112	Rhodospirillaceae bacterium	Alphaproteobacteria	Marine	RS697	latest	Contig	Major	Full	10/26/17	ASM272825v1	Tara Oceans Consortium	ftp://ftp.ncbi.nlm.nih.gov/genomes/all/GCA/002/728/255/GCA_002728255.1_ASM272825v1	./genbank/bacteria/GCA_002728255.1/GCA_002728255.1_ASM272825v1_genomic.fna.gz
GCA_002728445.1	PRJNA391943	SAMN07620371	PBXV00000000.1	1913989	1913989	Gammaproteobacteria bacterium	Gammaproteobacteria	Marine	RS470	latest	Contig	Major	Full	10/26/17	ASM272844v1	Tara Oceans Consortium	ftp://ftp.ncbi.nlm.nih.gov/genomes/all/GCA/002/728/445/GCA_002728445.1_ASM272844v1	./genbank/bacteria/GCA_002728445.1/GCA_002728445.1_ASM272844v1_genomic.fna.gz
GCA_002729445.1	PRJNA391943	SAMN07620176	PBYB00000000.1	1871043	1871043	Variovorax sp.	Betaproteobacteria	Marine	NP4	latest	Contig	Major	Full	10/26/17	ASM272944v1	Tara Oceans Consortium	ftp://ftp.ncbi.nlm.nih.gov/genomes/all/GCA/002/729/445/GCA_002729445.1_ASM272944v1	./genbank/bacteria/GCA_002729445.1/GCA_002729445.1_ASM272944v1_genomic.fna.gz
GCA_002729925.1	PRJNA391943	SAMN07620108	PBXY00000000.1	1912891	1912891	Sphingobium sp.	Alphaproteobacteria	Marine	NP43	latest	Contig	Major	Full	10/26/17	ASM272992v1	Tara Oceans Consortium	ftp://ftp.ncbi.nlm.nih.gov/genomes/all/GCA/002/729/925/GCA_002729925.1_ASM272992v1	./genbank/bacteria/GCA_002729925.1/GCA_002729925.1_ASM272992v1_genomic.fna.gz
GCA_002730365.1	PRJNA391943	SAMN07618666	PBZZ00000000.1	2026735	2026735	Deltaproteobacteria bacterium	Deltaproteobacteria	Marine	NP14	latest	Contig	Major	Full	10/26/17	ASM273036v1	Tara Oceans Consortium	ftp://ftp.ncbi.nlm.nih.gov/genomes/all/GCA/002/730/365/GCA_002730365.1_ASM273036v1	./genbank/bacteria/GCA_002730365.1/GCA_002730365.1_ASM273036v1_genomic.fna.gz
GCA_002730675.1	PRJNA391943	SAMN07619968	PCAV00000000.1	1898112	1898112	Rhodospirillaceae bacterium	Alphaproteobacteria	Marine	NP1282	latest	Contig	Major	Full	10/26/17	ASM273067v1	Tara Oceans Consortium	ftp://ftp.ncbi.nlm.nih.gov/genomes/all/GCA/002/730/675/GCA_002730675.1_ASM273067v1	./genbank/bacteria/GCA_002730675.1/GCA_002730675.1_ASM273067v1_genomic.fna.gz
GCA_002731295.1	PRJNA391943	SAMN07618137	PCBE00000000.1	2024893	2024893	Acidiferrobacteraceae bacterium	Gammaproteobacteria	Marine	NP122	latest	Contig	Major	Full	10/26/17	ASM273129v1	Tara Oceans Consortium	ftp://ftp.ncbi.nlm.nih.gov/genomes/all/GCA/002/731/295/GCA_002731295.1_ASM273129v1	./genbank/bacteria/GCA_002731295.1/GCA_002731295.1_ASM273129v1_genomic.fna.gz
GCA_002731375.1	PRJNA391943	SAMN07619967	PCBT00000000.1	1898112	1898112	Rhodospirillaceae bacterium	Alphaproteobacteria	Marine	NP113	latest	Contig	Major	Full	10/26/17	ASM273137v1	Tara Oceans Consortium	ftp://ftp.ncbi.nlm.nih.gov/genomes/all/GCA/002/731/375/GCA_002731375.1_ASM273137v1	./genbank/bacteria/GCA_002731375.1/GCA_002731375.1_ASM273137v1_genomic.fna.gz
GCA_003131245.1	PRJNA386568	SAMN08179517	PKUW00000000.1	2052317	2052317	candidate division WPS-2 bacterium	Candidate Division WPS-2	Sediment	palsa_1514	latest	Scaffold	Major	Full	5/18/18	20120500_P39	"Australian Centre for Ecogenomics, The University of Queensland"	ftp://ftp.ncbi.nlm.nih.gov/genomes/all/GCA/003/131/245/GCA_003131245.1_20120500_P39	./genbank/bacteria/GCA_003131245.1/GCA_003131245.1_20120500_P39_genomic.fna.gz
GCA_003131345.1	PRJNA386568	SAMN08179512	PKVA00000000.1	2052317	2052317	candidate division WPS-2 bacterium	Candidate Division WPS-2	Sediment	palsa_1513	latest	Scaffold	Major	Full	5/18/18	20120500_P38	"Australian Centre for Ecogenomics, The University of Queensland"	ftp://ftp.ncbi.nlm.nih.gov/genomes/all/GCA/003/131/345/GCA_003131345.1_20120500_P38	./genbank/bacteria/GCA_003131345.1/GCA_003131345.1_20120500_P38_genomic.fna.gz
GCA_003131425.1	PRJNA386568	SAMN08179502	PKVK00000000.1	2052317	2052317	candidate division WPS-2 bacterium	Candidate Division WPS-2	Sediment	palsa_1511	latest	Contig	Major	Full	5/18/18	20120500_P36	"Australian Centre for Ecogenomics, The University of Queensland"	ftp://ftp.ncbi.nlm.nih.gov/genomes/all/GCA/003/131/425/GCA_003131425.1_20120500_P36	./genbank/bacteria/GCA_003131425.1/GCA_003131425.1_20120500_P36_genomic.fna.gz
GCA_003131525.1	PRJNA386568	SAMN08179496	PKVQ00000000.1	2052317	2052317	candidate division WPS-2 bacterium	Candidate Division WPS-2	Sediment	palsa_1510	latest	Scaffold	Major	Full	5/18/18	20120500_P35	"Australian Centre for Ecogenomics, The University of Queensland"	ftp://ftp.ncbi.nlm.nih.gov/genomes/all/GCA/003/131/525/GCA_003131525.1_20120500_P35	./genbank/bacteria/GCA_003131525.1/GCA_003131525.1_20120500_P35_genomic.fna.gz
GCA_003131605.1	PRJNA386568	SAMN08179491	PKVV00000000.1	2052317	2052317	candidate division WPS-2 bacterium	Candidate Division WPS-2	Sediment	palsa_1507	latest	Scaffold	Major	Full	5/18/18	20120500_P33	"Australian Centre for Ecogenomics, The University of Queensland"	ftp://ftp.ncbi.nlm.nih.gov/genomes/all/GCA/003/131/605/GCA_003131605.1_20120500_P33	./genbank/bacteria/GCA_003131605.1/GCA_003131605.1_20120500_P33_genomic.fna.gz
GCA_003131725.1	PRJNA386568	SAMN08179508	PKVE00000000.1	2052317	2052317	candidate division WPS-2 bacterium	Candidate Division WPS-2	Sediment	palsa_1512	latest	Contig	Major	Full	5/18/18	20120500_P37	"Australian Centre for Ecogenomics, The University of Queensland"	ftp://ftp.ncbi.nlm.nih.gov/genomes/all/GCA/003/131/725/GCA_003131725.1_20120500_P37	./genbank/bacteria/GCA_003131725.1/GCA_003131725.1_20120500_P37_genomic.fna.gz
GCA_003131885.1	PRJNA386568	SAMN08179495	PKVR00000000.1	2052317	2052317	candidate division WPS-2 bacterium	Candidate Division WPS-2	Sediment	palsa_1509	latest	Scaffold	Major	Full	5/18/18	20120500_P34	"Australian Centre for Ecogenomics, The University of Queensland"	ftp://ftp.ncbi.nlm.nih.gov/genomes/all/GCA/003/131/885/GCA_003131885.1_20120500_P34	./genbank/bacteria/GCA_003131885.1/GCA_003131885.1_20120500_P34_genomic.fna.gz
GCA_003133345.1	PRJNA386568	SAMN08179459	PKXB00000000.1	1909294	1909294	Rhizobiales bacterium	Alphaproteobacteria	Sediment	palsa_910	latest	Scaffold	Major	Full	5/18/18	20120500_P27	"Australian Centre for Ecogenomics, The University of Queensland"	ftp://ftp.ncbi.nlm.nih.gov/genomes/all/GCA/003/133/345/GCA_003133345.1_20120500_P27	./genbank/bacteria/GCA_003133345.1/GCA_003133345.1_20120500_P27_genomic.fna.gz
GCA_003133905.1	PRJNA386568	SAMN08179385	PKZW00000000.1	1913989	1913989	Gammaproteobacteria bacterium	Gammaproteobacteria	Sediment	bog_1205	latest	Scaffold	Major	Full	5/18/18	20111000_S3D	"Australian Centre for Ecogenomics, The University of Queensland"	ftp://ftp.ncbi.nlm.nih.gov/genomes/all/GCA/003/133/905/GCA_003133905.1_20111000_S3D	./genbank/bacteria/GCA_003133905.1/GCA_003133905.1_20111000_S3D_genomic.fna.gz
GCA_003134045.1	PRJNA386568	SAMN08179374	PLAH00000000.1	1913989	1913989	Gammaproteobacteria bacterium	Gammaproteobacteria	Sediment	bog_1204	latest	Scaffold	Major	Full	5/18/18	20111000_S2M	"Australian Centre for Ecogenomics, The University of Queensland"	ftp://ftp.ncbi.nlm.nih.gov/genomes/all/GCA/003/134/045/GCA_003134045.1_20111000_S2M	./genbank/bacteria/GCA_003134045.1/GCA_003134045.1_20111000_S2M_genomic.fna.gz
GCA_003134965.1	PRJNA386568	SAMN08179300	PLDA00000000.1	2052317	2052317	candidate division WPS-2 bacterium	Candidate Division WPS-2	Sediment	palsa_1496	latest	Scaffold	Major	Full	5/18/18	20111000_P3D	"Australian Centre for Ecogenomics, The University of Queensland"	ftp://ftp.ncbi.nlm.nih.gov/genomes/all/GCA/003/134/965/GCA_003134965.1_20111000_P3D	./genbank/bacteria/GCA_003134965.1/GCA_003134965.1_20111000_P3D_genomic.fna.gz
GCA_003135555.1	PRJNA386568	SAMN08179322	PLCF00000000.1	2052317	2052317	candidate division WPS-2 bacterium	Candidate Division WPS-2	Sediment	palsa_1497	latest	Scaffold	Major	Full	5/18/18	20111000_P3M	"Australian Centre for Ecogenomics, The University of Queensland"	ftp://ftp.ncbi.nlm.nih.gov/genomes/all/GCA/003/135/555/GCA_003135555.1_20111000_P3M	./genbank/bacteria/GCA_003135555.1/GCA_003135555.1_20111000_P3M_genomic.fna.gz
GCA_003135855.1	PRJNA386568	SAMN08179345	PNBD00000000.1	2026735	2026735	Deltaproteobacteria bacterium	Deltaproteobacteria	Sediment	palsa_1115	latest	Scaffold	Major	Full	5/18/18	20111000_P3M	"Australian Centre for Ecogenomics, The University of Queensland"	ftp://ftp.ncbi.nlm.nih.gov/genomes/all/GCA/003/135/855/GCA_003135855.1_20111000_P3M	./genbank/bacteria/GCA_003135855.1/GCA_003135855.1_20111000_P3M_genomic.fna.gz
GCA_003135975.1	PRJNA386568	SAMN08178968	PNBL00000000.1	2052317	2052317	candidate division WPS-2 bacterium	Candidate Division WPS-2	Sediment	bog_1486	latest	Scaffold	Major	Full	5/18/18	20110700_S1M	"Australian Centre for Ecogenomics, The University of Queensland"	ftp://ftp.ncbi.nlm.nih.gov/genomes/all/GCA/003/135/975/GCA_003135975.1_20110700_S1M	./genbank/bacteria/GCA_003135975.1/GCA_003135975.1_20110700_S1M_genomic.fna.gz
GCA_003139835.1	PRJNA386568	SAMN08179201	PLGS00000000.1	1913989	1913989	Gammaproteobacteria bacterium	Gammaproteobacteria	Sediment	bog_1199	latest	Scaffold	Major	Full	5/18/18	20110800_S2M	"Australian Centre for Ecogenomics, The University of Queensland"	ftp://ftp.ncbi.nlm.nih.gov/genomes/all/GCA/003/139/835/GCA_003139835.1_20110800_S2M	./genbank/bacteria/GCA_003139835.1/GCA_003139835.1_20110800_S2M_genomic.fna.gz
GCA_003140215.1	PRJNA386568	SAMN08179128	PLJL00000000.1	2052317	2052317	candidate division WPS-2 bacterium	Candidate Division WPS-2	Sediment	palsa_1490	latest	Scaffold	Major	Full	5/18/18	20110800_P1M	"Australian Centre for Ecogenomics, The University of Queensland"	ftp://ftp.ncbi.nlm.nih.gov/genomes/all/GCA/003/140/215/GCA_003140215.1_20110800_P1M	./genbank/bacteria/GCA_003140215.1/GCA_003140215.1_20110800_P1M_genomic.fna.gz
GCA_003140315.1	PRJNA386568	SAMN08179121	PLJS00000000.1	1909294	1909294	Rhizobiales bacterium	Alphaproteobacteria	Sediment	palsa_894	latest	Scaffold	Major	Full	5/18/18	20110800_P1M	"Australian Centre for Ecogenomics, The University of Queensland"	ftp://ftp.ncbi.nlm.nih.gov/genomes/all/GCA/003/140/315/GCA_003140315.1_20110800_P1M	./genbank/bacteria/GCA_003140315.1/GCA_003140315.1_20110800_P1M_genomic.fna.gz
GCA_003151425.1	PRJNA386568	SAMN08179896	PLXO00000000.1	1909293	1909293	Acetobacteraceae bacterium	Alphaproteobacteria	Sediment	palsa_925	latest	Scaffold	Major	Full	5/24/18	20120700_P3D	"Australian Centre for Ecogenomics, The University of Queensland"	ftp://ftp.ncbi.nlm.nih.gov/genomes/all/GCA/003/151/425/GCA_003151425.1_20120700_P3D	./genbank/bacteria/GCA_003151425.1/GCA_003151425.1_20120700_P3D_genomic.fna.gz
GCA_003151695.1	PRJNA386568	SAMN08179880	PLYE00000000.1	2052317	2052317	candidate division WPS-2 bacterium	Candidate Division WPS-2	Sediment	palsa_1522	latest	Contig	Major	Full	5/24/18	20120700_P3D	"Australian Centre for Ecogenomics, The University of Queensland"	ftp://ftp.ncbi.nlm.nih.gov/genomes/all/GCA/003/151/695/GCA_003151695.1_20120700_P3D	./genbank/bacteria/GCA_003151695.1/GCA_003151695.1_20120700_P3D_genomic.fna.gz
GCA_003153415.1	PRJNA386568	SAMN08179868	PLYQ00000000.1	2026786	2026786	Rhodospirillales bacterium	Alphaproteobacteria	Sediment	palsa_924	latest	Scaffold	Major	Full	5/24/18	20120700_P3D	"Australian Centre for Ecogenomics, The University of Queensland"	ftp://ftp.ncbi.nlm.nih.gov/genomes/all/GCA/003/153/415/GCA_003153415.1_20120700_P3D	./genbank/bacteria/GCA_003153415.1/GCA_003153415.1_20120700_P3D_genomic.fna.gz
GCA_003156025.1	PRJNA386568	SAMN08179673	PMFZ00000000.1	1913989	1913989	Gammaproteobacteria bacterium	Gammaproteobacteria	Sediment	bog_1215	latest	Scaffold	Major	Full	5/24/18	20120600_S2M	"Australian Centre for Ecogenomics, The University of Queensland"	ftp://ftp.ncbi.nlm.nih.gov/genomes/all/GCA/003/156/025/GCA_003156025.1_20120600_S2M	./genbank/bacteria/GCA_003156025.1/GCA_003156025.1_20120600_S2M_genomic.fna.gz
GCA_003158155.1	PRJNA386568	SAMN08179643	PMHD00000000.1	1913989	1913989	Gammaproteobacteria bacterium	Gammaproteobacteria	Sediment	bog_1214	latest	Scaffold	Major	Full	5/24/18	20120600_S1D	"Australian Centre for Ecogenomics, The University of Queensland"	ftp://ftp.ncbi.nlm.nih.gov/genomes/all/GCA/003/158/155/GCA_003158155.1_20120600_S1D	./genbank/bacteria/GCA_003158155.1/GCA_003158155.1_20120600_S1D_genomic.fna.gz
GCA_003161435.1	PRJNA386568	SAMN08178792	PMOS00000000.1	2052317	2052317	candidate division WPS-2 bacterium	Candidate Division WPS-2	Sediment	palsa_1479	latest	Scaffold	Major	Full	5/25/18	20110600_P1M	"Australian Centre for Ecogenomics, The University of Queensland"	ftp://ftp.ncbi.nlm.nih.gov/genomes/all/GCA/003/161/435/GCA_003161435.1_20110600_P1M	./genbank/bacteria/GCA_003161435.1/GCA_003161435.1_20110600_P1M_genomic.fna.gz
GCA_003161555.1	PRJNA386568	SAMN08178779	PMOG00000000.1	2052317	2052317	candidate division WPS-2 bacterium	Candidate Division WPS-2	Sediment	palsa_1478	latest	Scaffold	Major	Full	5/25/18	20110600_P1M	"Australian Centre for Ecogenomics, The University of Queensland"	ftp://ftp.ncbi.nlm.nih.gov/genomes/all/GCA/003/161/555/GCA_003161555.1_20110600_P1M	./genbank/bacteria/GCA_003161555.1/GCA_003161555.1_20110600_P1M_genomic.fna.gz
GCA_003161655.1	PRJNA386568	SAMN08178772	PMNZ00000000.1	2052317	2052317	candidate division WPS-2 bacterium	Candidate Division WPS-2	Sediment	palsa_1477	latest	Contig	Major	Full	5/25/18	20110600_P1D	"Australian Centre for Ecogenomics, The University of Queensland"	ftp://ftp.ncbi.nlm.nih.gov/genomes/all/GCA/003/161/655/GCA_003161655.1_20110600_P1D	./genbank/bacteria/GCA_003161655.1/GCA_003161655.1_20110600_P1D_genomic.fna.gz
GCA_003163815.1	PRJNA386568	SAMN08180195	PLWO00000000.1	1913989	1913989	Gammaproteobacteria bacterium	Gammaproteobacteria	Sediment	bog_1227	latest	Scaffold	Major	Full	5/25/18	20120800_S1M	"Australian Centre for Ecogenomics, The University of Queensland"	ftp://ftp.ncbi.nlm.nih.gov/genomes/all/GCA/003/163/815/GCA_003163815.1_20120800_S1M	./genbank/bacteria/GCA_003163815.1/GCA_003163815.1_20120800_S1M_genomic.fna.gz
GCA_003164045.1	PRJNA386568	SAMN08179990	PLRU00000000.1	2052317	2052317	candidate division WPS-2 bacterium	Candidate Division WPS-2	Sediment	bog_1526	latest	Scaffold	Major	Full	5/25/18	20120700_S1D	"Australian Centre for Ecogenomics, The University of Queensland"	ftp://ftp.ncbi.nlm.nih.gov/genomes/all/GCA/003/164/045/GCA_003164045.1_20120700_S1D	./genbank/bacteria/GCA_003164045.1/GCA_003164045.1_20120700_S1D_genomic.fna.gz
GCA_003164175.1	PRJNA386568	SAMN08179973	PLSL00000000.1	1909293	1909293	Acetobacteraceae bacterium	Alphaproteobacteria	Sediment	bog_936	latest	Scaffold	Major	Full	5/25/18	20120700_S1D	"Australian Centre for Ecogenomics, The University of Queensland"	ftp://ftp.ncbi.nlm.nih.gov/genomes/all/GCA/003/164/175/GCA_003164175.1_20120700_S1D	./genbank/bacteria/GCA_003164175.1/GCA_003164175.1_20120700_S1D_genomic.fna.gz
GCA_003164305.1	PRJNA386568	SAMN08179959	PLSZ00000000.1	1909293	1909293	Acetobacteraceae bacterium	Alphaproteobacteria	Sediment	bog_934	latest	Scaffold	Major	Full	5/25/18	20120700_S1D	"Australian Centre for Ecogenomics, The University of Queensland"	ftp://ftp.ncbi.nlm.nih.gov/genomes/all/GCA/003/164/305/GCA_003164305.1_20120700_S1D	./genbank/bacteria/GCA_003164305.1/GCA_003164305.1_20120700_S1D_genomic.fna.gz
GCA_003164375.1	PRJNA386568	SAMN08179954	PLTE00000000.1	1909294	1909294	Rhizobiales bacterium	Alphaproteobacteria	Sediment	bog_931	latest	Scaffold	Major	Full	5/25/18	20120700_S1D	"Australian Centre for Ecogenomics, The University of Queensland"	ftp://ftp.ncbi.nlm.nih.gov/genomes/all/GCA/003/164/375/GCA_003164375.1_20120700_S1D	./genbank/bacteria/GCA_003164375.1/GCA_003164375.1_20120700_S1D_genomic.fna.gz
GCA_003164495.1	PRJNA386568	SAMN08179944	PLTN00000000.1	2052317	2052317	candidate division WPS-2 bacterium	Candidate Division WPS-2	Sediment	bog_1524	latest	Scaffold	Major	Full	5/25/18	20120700_S1D	"Australian Centre for Ecogenomics, The University of Queensland"	ftp://ftp.ncbi.nlm.nih.gov/genomes/all/GCA/003/164/495/GCA_003164495.1_20120700_S1D	./genbank/bacteria/GCA_003164495.1/GCA_003164495.1_20120700_S1D_genomic.fna.gz
GCA_003164785.1	PRJNA386568	SAMN08179927	PLUE00000000.1	1913989	1913989	Gammaproteobacteria bacterium	Gammaproteobacteria	Sediment	bog_1223	latest	Scaffold	Major	Full	5/25/18	20120700_S1D	"Australian Centre for Ecogenomics, The University of Queensland"	ftp://ftp.ncbi.nlm.nih.gov/genomes/all/GCA/003/164/785/GCA_003164785.1_20120700_S1D	./genbank/bacteria/GCA_003164785.1/GCA_003164785.1_20120700_S1D_genomic.fna.gz
GCA_003164965.1	PRJNA386568	SAMN08179986	PLRY00000000.1	1913989	1913989	Gammaproteobacteria bacterium	Gammaproteobacteria	Sediment	bog_1224	latest	Scaffold	Major	Full	5/25/18	20120700_S1D	"Australian Centre for Ecogenomics, The University of Queensland"	ftp://ftp.ncbi.nlm.nih.gov/genomes/all/GCA/003/164/965/GCA_003164965.1_20120700_S1D	./genbank/bacteria/GCA_003164965.1/GCA_003164965.1_20120700_S1D_genomic.fna.gz
GCA_003168115.1	PRJNA386568	SAMN08178912	PMTH00000000.1	1909293	1909293	Acetobacteraceae bacterium	Alphaproteobacteria	Sediment	palsa_883	latest	Scaffold	Major	Full	5/25/18	20110700_P2D	"Australian Centre for Ecogenomics, The University of Queensland"	ftp://ftp.ncbi.nlm.nih.gov/genomes/all/GCA/003/168/115/GCA_003168115.1_20110700_P2D	./genbank/bacteria/GCA_003168115.1/GCA_003168115.1_20110700_P2D_genomic.fna.gz
GCA_003168375.1	PRJNA386568	SAMN08178887	PMSI00000000.1	2052317	2052317	candidate division WPS-2 bacterium	Candidate Division WPS-2	Sediment	palsa_1480	latest	Scaffold	Major	Full	5/25/18	20110700_P1D	"Australian Centre for Ecogenomics, The University of Queensland"	ftp://ftp.ncbi.nlm.nih.gov/genomes/all/GCA/003/168/375/GCA_003168375.1_20110700_P1D	./genbank/bacteria/GCA_003168375.1/GCA_003168375.1_20110700_P1D_genomic.fna.gz
GCA_003169275.1	PRJNA386568	SAMN08178822	PMPV00000000.1	1913989	1913989	Gammaproteobacteria bacterium	Gammaproteobacteria	Sediment	bog_1195	latest	Scaffold	Major	Full	5/25/18	20110600_S1M	"Australian Centre for Ecogenomics, The University of Queensland"	ftp://ftp.ncbi.nlm.nih.gov/genomes/all/GCA/003/169/275/GCA_003169275.1_20110600_S1M	./genbank/bacteria/GCA_003169275.1/GCA_003169275.1_20110600_S1M_genomic.fna.gz
GCA_003169995.1	PRJNA386568	SAMN08179091	PMZY00000000.1	2052317	2052317	candidate division WPS-2 bacterium	Candidate Division WPS-2	Sediment	palsa_1488	latest	Contig	Major	Full	5/25/18	20110800_P1D	"Australian Centre for Ecogenomics, The University of Queensland"	ftp://ftp.ncbi.nlm.nih.gov/genomes/all/GCA/003/169/995/GCA_003169995.1_20110800_P1D	./genbank/bacteria/GCA_003169995.1/GCA_003169995.1_20110800_P1D_genomic.fna.gz
GCA_003170175.1	PRJNA386568	SAMN08179117	PNAY00000000.1	1909294	1909294	Rhizobiales bacterium	Alphaproteobacteria	Sediment	palsa_891	latest	Scaffold	Major	Full	5/25/18	20110800_P1M	"Australian Centre for Ecogenomics, The University of Queensland"	ftp://ftp.ncbi.nlm.nih.gov/genomes/all/GCA/003/170/175/GCA_003170175.1_20110800_P1M	./genbank/bacteria/GCA_003170175.1/GCA_003170175.1_20110800_P1M_genomic.fna.gz
GCA_003170235.1	PRJNA386568	SAMN08179116	PNAX00000000.1	1909294	1909294	Rhizobiales bacterium	Alphaproteobacteria	Sediment	palsa_893	latest	Scaffold	Major	Full	5/25/18	20110800_P1M	"Australian Centre for Ecogenomics, The University of Queensland"	ftp://ftp.ncbi.nlm.nih.gov/genomes/all/GCA/003/170/235/GCA_003170235.1_20110800_P1M	./genbank/bacteria/GCA_003170235.1/GCA_003170235.1_20110800_P1M_genomic.fna.gz
GCA_003170255.1	PRJNA386568	SAMN08179109	PNAQ00000000.1	2052317	2052317	candidate division WPS-2 bacterium	Candidate Division WPS-2	Sediment	palsa_1489	latest	Scaffold	Major	Full	5/25/18	20110800_P1D	"Australian Centre for Ecogenomics, The University of Queensland"	ftp://ftp.ncbi.nlm.nih.gov/genomes/all/GCA/003/170/255/GCA_003170255.1_20110800_P1D	./genbank/bacteria/GCA_003170255.1/GCA_003170255.1_20110800_P1D_genomic.fna.gz
GCA_003220195.1	PRJNA449266	SAMN08911914	QHRT00000000.1	2053607	2053607	Candidatus Rokubacteria bacterium	Candidatus Rokubacteria	Soil	AR8	latest	Scaffold	Major	Full	6/12/18	ASM322019v1	Jill Banfield's Lab at Berkeley	ftp://ftp.ncbi.nlm.nih.gov/genomes/all/GCA/003/220/195/GCA_003220195.1_ASM322019v1	./genbank/bacteria/GCA_003220195.1/GCA_003220195.1_ASM322019v1_genomic.fna.gz
GCA_003220225.1	PRJNA449266	SAMN08911913	QHRU00000000.1	2053607	2053607	Candidatus Rokubacteria bacterium	Candidatus Rokubacteria	Soil	AR7	latest	Scaffold	Major	Full	6/12/18	ASM322022v1	Jill Banfield's Lab at Berkeley	ftp://ftp.ncbi.nlm.nih.gov/genomes/all/GCA/003/220/225/GCA_003220225.1_ASM322022v1	./genbank/bacteria/GCA_003220225.1/GCA_003220225.1_ASM322022v1_genomic.fna.gz
GCA_003220255.1	PRJNA449266	SAMN08911912	QHRV00000000.1	2053607	2053607	Candidatus Rokubacteria bacterium	Candidatus Rokubacteria	Soil	AR6	latest	Scaffold	Major	Full	6/12/18	ASM322025v1	Jill Banfield's Lab at Berkeley	ftp://ftp.ncbi.nlm.nih.gov/genomes/all/GCA/003/220/255/GCA_003220255.1_ASM322025v1	./genbank/bacteria/GCA_003220255.1/GCA_003220255.1_ASM322025v1_genomic.fna.gz
GCA_003220265.1	PRJNA449266	SAMN08911911	QHRW00000000.1	2053607	2053607	Candidatus Rokubacteria bacterium	Candidatus Rokubacteria	Soil	AR5	latest	Scaffold	Major	Full	6/12/18	ASM322026v1	Jill Banfield's Lab at Berkeley	ftp://ftp.ncbi.nlm.nih.gov/genomes/all/GCA/003/220/265/GCA_003220265.1_ASM322026v1	./genbank/bacteria/GCA_003220265.1/GCA_003220265.1_ASM322026v1_genomic.fna.gz
GCA_003220275.1	PRJNA449266	SAMN08911948	QHRZ00000000.1	2053607	2053607	Candidatus Rokubacteria bacterium	Candidatus Rokubacteria	Soil	AR42	latest	Scaffold	Major	Full	6/12/18	ASM322027v1	Jill Banfield's Lab at Berkeley	ftp://ftp.ncbi.nlm.nih.gov/genomes/all/GCA/003/220/275/GCA_003220275.1_ASM322027v1	./genbank/bacteria/GCA_003220275.1/GCA_003220275.1_ASM322027v1_genomic.fna.gz
GCA_003220315.1	PRJNA449266	SAMN08911947	QHSA00000000.1	2053607	2053607	Candidatus Rokubacteria bacterium	Candidatus Rokubacteria	Soil	AR41	latest	Contig	Major	Full	6/12/18	ASM322031v1	Jill Banfield's Lab at Berkeley	ftp://ftp.ncbi.nlm.nih.gov/genomes/all/GCA/003/220/315/GCA_003220315.1_ASM322031v1	./genbank/bacteria/GCA_003220315.1/GCA_003220315.1_ASM322031v1_genomic.fna.gz
GCA_003220335.1	PRJNA449266	SAMN08911946	QHSB00000000.1	2053607	2053607	Candidatus Rokubacteria bacterium	Candidatus Rokubacteria	Soil	AR40	latest	Scaffold	Major	Full	6/12/18	ASM322033v1	Jill Banfield's Lab at Berkeley	ftp://ftp.ncbi.nlm.nih.gov/genomes/all/GCA/003/220/335/GCA_003220335.1_ASM322033v1	./genbank/bacteria/GCA_003220335.1/GCA_003220335.1_ASM322033v1_genomic.fna.gz
GCA_003220345.1	PRJNA449266	SAMN08911910	QHSC00000000.1	2053607	2053607	Candidatus Rokubacteria bacterium	Candidatus Rokubacteria	Soil	AR4	latest	Scaffold	Major	Full	6/12/18	ASM322034v1	Jill Banfield's Lab at Berkeley	ftp://ftp.ncbi.nlm.nih.gov/genomes/all/GCA/003/220/345/GCA_003220345.1_ASM322034v1	./genbank/bacteria/GCA_003220345.1/GCA_003220345.1_ASM322034v1_genomic.fna.gz
GCA_003220365.1	PRJNA449266	SAMN08911945	QHSD00000000.1	2053607	2053607	Candidatus Rokubacteria bacterium	Candidatus Rokubacteria	Soil	AR39	latest	Scaffold	Major	Full	6/12/18	ASM322036v1	Jill Banfield's Lab at Berkeley	ftp://ftp.ncbi.nlm.nih.gov/genomes/all/GCA/003/220/365/GCA_003220365.1_ASM322036v1	./genbank/bacteria/GCA_003220365.1/GCA_003220365.1_ASM322036v1_genomic.fna.gz
GCA_003220385.1	PRJNA449266	SAMN08911943	QHSF00000000.1	2053607	2053607	Candidatus Rokubacteria bacterium	Candidatus Rokubacteria	Soil	AR37	latest	Scaffold	Major	Full	6/12/18	ASM322038v1	Jill Banfield's Lab at Berkeley	ftp://ftp.ncbi.nlm.nih.gov/genomes/all/GCA/003/220/385/GCA_003220385.1_ASM322038v1	./genbank/bacteria/GCA_003220385.1/GCA_003220385.1_ASM322038v1_genomic.fna.gz
GCA_003220415.1	PRJNA449266	SAMN08911909	QHSN00000000.1	2053607	2053607	Candidatus Rokubacteria bacterium	Candidatus Rokubacteria	Soil	AR3	latest	Scaffold	Major	Full	6/12/18	ASM322041v1	Jill Banfield's Lab at Berkeley	ftp://ftp.ncbi.nlm.nih.gov/genomes/all/GCA/003/220/415/GCA_003220415.1_ASM322041v1	./genbank/bacteria/GCA_003220415.1/GCA_003220415.1_ASM322041v1_genomic.fna.gz
GCA_003220425.1	PRJNA449266	SAMN08911942	QHSG00000000.1	2053607	2053607	Candidatus Rokubacteria bacterium	Candidatus Rokubacteria	Soil	AR36	latest	Scaffold	Major	Full	6/12/18	ASM322042v1	Jill Banfield's Lab at Berkeley	ftp://ftp.ncbi.nlm.nih.gov/genomes/all/GCA/003/220/425/GCA_003220425.1_ASM322042v1	./genbank/bacteria/GCA_003220425.1/GCA_003220425.1_ASM322042v1_genomic.fna.gz
GCA_003220435.1	PRJNA449266	SAMN08911937	QHSL00000000.1	2053607	2053607	Candidatus Rokubacteria bacterium	Candidatus Rokubacteria	Soil	AR31	latest	Scaffold	Major	Full	6/12/18	ASM322043v1	Jill Banfield's Lab at Berkeley	ftp://ftp.ncbi.nlm.nih.gov/genomes/all/GCA/003/220/435/GCA_003220435.1_ASM322043v1	./genbank/bacteria/GCA_003220435.1/GCA_003220435.1_ASM322043v1_genomic.fna.gz
GCA_003220475.1	PRJNA449266	SAMN08911935	QHSO00000000.1	2053607	2053607	Candidatus Rokubacteria bacterium	Candidatus Rokubacteria	Soil	AR29	latest	Scaffold	Major	Full	6/12/18	ASM322047v1	Jill Banfield's Lab at Berkeley	ftp://ftp.ncbi.nlm.nih.gov/genomes/all/GCA/003/220/475/GCA_003220475.1_ASM322047v1	./genbank/bacteria/GCA_003220475.1/GCA_003220475.1_ASM322047v1_genomic.fna.gz
GCA_003220495.1	PRJNA449266	SAMN08911934	QHSP00000000.1	2053607	2053607	Candidatus Rokubacteria bacterium	Candidatus Rokubacteria	Soil	AR28	latest	Scaffold	Major	Full	6/12/18	ASM322049v1	Jill Banfield's Lab at Berkeley	ftp://ftp.ncbi.nlm.nih.gov/genomes/all/GCA/003/220/495/GCA_003220495.1_ASM322049v1	./genbank/bacteria/GCA_003220495.1/GCA_003220495.1_ASM322049v1_genomic.fna.gz
GCA_003220515.1	PRJNA449266	SAMN08911931	QHSS00000000.1	2053607	2053607	Candidatus Rokubacteria bacterium	Candidatus Rokubacteria	Soil	AR25	latest	Scaffold	Major	Full	6/12/18	ASM322051v1	Jill Banfield's Lab at Berkeley	ftp://ftp.ncbi.nlm.nih.gov/genomes/all/GCA/003/220/515/GCA_003220515.1_ASM322051v1	./genbank/bacteria/GCA_003220515.1/GCA_003220515.1_ASM322051v1_genomic.fna.gz
GCA_003220525.1	PRJNA449266	SAMN08911930	QHST00000000.1	2053607	2053607	Candidatus Rokubacteria bacterium	Candidatus Rokubacteria	Soil	AR24	latest	Scaffold	Major	Full	6/12/18	ASM322052v1	Jill Banfield's Lab at Berkeley	ftp://ftp.ncbi.nlm.nih.gov/genomes/all/GCA/003/220/525/GCA_003220525.1_ASM322052v1	./genbank/bacteria/GCA_003220525.1/GCA_003220525.1_ASM322052v1_genomic.fna.gz
GCA_003220535.1	PRJNA449266	SAMN08911929	QHSU00000000.1	2053607	2053607	Candidatus Rokubacteria bacterium	Candidatus Rokubacteria	Soil	AR23	latest	Scaffold	Major	Full	6/12/18	ASM322053v1	Jill Banfield's Lab at Berkeley	ftp://ftp.ncbi.nlm.nih.gov/genomes/all/GCA/003/220/535/GCA_003220535.1_ASM322053v1	./genbank/bacteria/GCA_003220535.1/GCA_003220535.1_ASM322053v1_genomic.fna.gz
GCA_003220575.1	PRJNA449266	SAMN08911908	QHSY00000000.1	2053607	2053607	Candidatus Rokubacteria bacterium	Candidatus Rokubacteria	Soil	AR2	latest	Scaffold	Major	Full	6/12/18	ASM322057v1	Jill Banfield's Lab at Berkeley	ftp://ftp.ncbi.nlm.nih.gov/genomes/all/GCA/003/220/575/GCA_003220575.1_ASM322057v1	./genbank/bacteria/GCA_003220575.1/GCA_003220575.1_ASM322057v1_genomic.fna.gz
GCA_003220595.1	PRJNA449266	SAMN08911925	QHSZ00000000.1	2053607	2053607	Candidatus Rokubacteria bacterium	Candidatus Rokubacteria	Soil	AR19	latest	Scaffold	Major	Full	6/12/18	ASM322059v1	Jill Banfield's Lab at Berkeley	ftp://ftp.ncbi.nlm.nih.gov/genomes/all/GCA/003/220/595/GCA_003220595.1_ASM322059v1	./genbank/bacteria/GCA_003220595.1/GCA_003220595.1_ASM322059v1_genomic.fna.gz
GCA_003220605.1	PRJNA449266	SAMN08911924	QHTA00000000.1	2053607	2053607	Candidatus Rokubacteria bacterium	Candidatus Rokubacteria	Soil	AR18	latest	Scaffold	Major	Full	6/12/18	ASM322060v1	Jill Banfield's Lab at Berkeley	ftp://ftp.ncbi.nlm.nih.gov/genomes/all/GCA/003/220/605/GCA_003220605.1_ASM322060v1	./genbank/bacteria/GCA_003220605.1/GCA_003220605.1_ASM322060v1_genomic.fna.gz
GCA_003220615.1	PRJNA449266	SAMN08911923	QHTB00000000.1	2053607	2053607	Candidatus Rokubacteria bacterium	Candidatus Rokubacteria	Soil	AR17	latest	Scaffold	Major	Full	6/12/18	ASM322061v1	Jill Banfield's Lab at Berkeley	ftp://ftp.ncbi.nlm.nih.gov/genomes/all/GCA/003/220/615/GCA_003220615.1_ASM322061v1	./genbank/bacteria/GCA_003220615.1/GCA_003220615.1_ASM322061v1_genomic.fna.gz
GCA_003220655.1	PRJNA449266	SAMN08911922	QHTC00000000.1	2053607	2053607	Candidatus Rokubacteria bacterium	Candidatus Rokubacteria	Soil	AR16	latest	Scaffold	Major	Full	6/12/18	ASM322065v1	Jill Banfield's Lab at Berkeley	ftp://ftp.ncbi.nlm.nih.gov/genomes/all/GCA/003/220/655/GCA_003220655.1_ASM322065v1	./genbank/bacteria/GCA_003220655.1/GCA_003220655.1_ASM322065v1_genomic.fna.gz
GCA_003220675.1	PRJNA449266	SAMN08911921	QHTD00000000.1	2053607	2053607	Candidatus Rokubacteria bacterium	Candidatus Rokubacteria	Soil	AR15	latest	Scaffold	Major	Full	6/12/18	ASM322067v1	Jill Banfield's Lab at Berkeley	ftp://ftp.ncbi.nlm.nih.gov/genomes/all/GCA/003/220/675/GCA_003220675.1_ASM322067v1	./genbank/bacteria/GCA_003220675.1/GCA_003220675.1_ASM322067v1_genomic.fna.gz
GCA_003220685.1	PRJNA449266	SAMN08911920	QHTE00000000.1	2053607	2053607	Candidatus Rokubacteria bacterium	Candidatus Rokubacteria	Soil	AR14	latest	Scaffold	Major	Full	6/12/18	ASM322068v1	Jill Banfield's Lab at Berkeley	ftp://ftp.ncbi.nlm.nih.gov/genomes/all/GCA/003/220/685/GCA_003220685.1_ASM322068v1	./genbank/bacteria/GCA_003220685.1/GCA_003220685.1_ASM322068v1_genomic.fna.gz
GCA_003220725.1	PRJNA449266	SAMN08911918	QHTG00000000.1	2053607	2053607	Candidatus Rokubacteria bacterium	Candidatus Rokubacteria	Soil	AR12	latest	Scaffold	Major	Full	6/12/18	ASM322072v1	Jill Banfield's Lab at Berkeley	ftp://ftp.ncbi.nlm.nih.gov/genomes/all/GCA/003/220/725/GCA_003220725.1_ASM322072v1	./genbank/bacteria/GCA_003220725.1/GCA_003220725.1_ASM322072v1_genomic.fna.gz
GCA_003220735.1	PRJNA449266	SAMN08911916	QHTI00000000.1	2053607	2053607	Candidatus Rokubacteria bacterium	Candidatus Rokubacteria	Soil	AR10	latest	Scaffold	Major	Full	6/12/18	ASM322073v1	Jill Banfield's Lab at Berkeley	ftp://ftp.ncbi.nlm.nih.gov/genomes/all/GCA/003/220/735/GCA_003220735.1_ASM322073v1	./genbank/bacteria/GCA_003220735.1/GCA_003220735.1_ASM322073v1_genomic.fna.gz
GCA_003221435.1	PRJNA449266	SAMN08911915	QHRS00000000.1	2053607	2053607	Candidatus Rokubacteria bacterium	Candidatus Rokubacteria	Soil	AR9	latest	Scaffold	Major	Full	6/12/18	ASM322143v1	Jill Banfield's Lab at Berkeley	ftp://ftp.ncbi.nlm.nih.gov/genomes/all/GCA/003/221/435/GCA_003221435.1_ASM322143v1	./genbank/bacteria/GCA_003221435.1/GCA_003221435.1_ASM322143v1_genomic.fna.gz
GCA_003221455.1	PRJNA449266	SAMN08911950	QHRX00000000.1	2053607	2053607	Candidatus Rokubacteria bacterium	Candidatus Rokubacteria	Soil	AR44	latest	Scaffold	Major	Full	6/12/18	ASM322145v1	Jill Banfield's Lab at Berkeley	ftp://ftp.ncbi.nlm.nih.gov/genomes/all/GCA/003/221/455/GCA_003221455.1_ASM322145v1	./genbank/bacteria/GCA_003221455.1/GCA_003221455.1_ASM322145v1_genomic.fna.gz
GCA_003221475.1	PRJNA449266	SAMN08911949	QHRY00000000.1	2053607	2053607	Candidatus Rokubacteria bacterium	Candidatus Rokubacteria	Soil	AR43	latest	Scaffold	Major	Full	6/12/18	ASM322147v1	Jill Banfield's Lab at Berkeley	ftp://ftp.ncbi.nlm.nih.gov/genomes/all/GCA/003/221/475/GCA_003221475.1_ASM322147v1	./genbank/bacteria/GCA_003221475.1/GCA_003221475.1_ASM322147v1_genomic.fna.gz
GCA_003221495.1	PRJNA449266	SAMN08911941	QHSH00000000.1	2053607	2053607	Candidatus Rokubacteria bacterium	Candidatus Rokubacteria	Soil	AR35	latest	Scaffold	Major	Full	6/12/18	ASM322149v1	Jill Banfield's Lab at Berkeley	ftp://ftp.ncbi.nlm.nih.gov/genomes/all/GCA/003/221/495/GCA_003221495.1_ASM322149v1	./genbank/bacteria/GCA_003221495.1/GCA_003221495.1_ASM322149v1_genomic.fna.gz
GCA_003221515.1	PRJNA449266	SAMN08911940	QHSI00000000.1	2053607	2053607	Candidatus Rokubacteria bacterium	Candidatus Rokubacteria	Soil	AR34	latest	Scaffold	Major	Full	6/12/18	ASM322151v1	Jill Banfield's Lab at Berkeley	ftp://ftp.ncbi.nlm.nih.gov/genomes/all/GCA/003/221/515/GCA_003221515.1_ASM322151v1	./genbank/bacteria/GCA_003221515.1/GCA_003221515.1_ASM322151v1_genomic.fna.gz
GCA_003221555.1	PRJNA449266	SAMN08911939	QHSJ00000000.1	2053607	2053607	Candidatus Rokubacteria bacterium	Candidatus Rokubacteria	Soil	AR33	latest	Scaffold	Major	Full	6/12/18	ASM322155v1	Jill Banfield's Lab at Berkeley	ftp://ftp.ncbi.nlm.nih.gov/genomes/all/GCA/003/221/555/GCA_003221555.1_ASM322155v1	./genbank/bacteria/GCA_003221555.1/GCA_003221555.1_ASM322155v1_genomic.fna.gz
GCA_003221575.1	PRJNA449266	SAMN08911938	QHSK00000000.1	2053607	2053607	Candidatus Rokubacteria bacterium	Candidatus Rokubacteria	Soil	AR32	latest	Scaffold	Major	Full	6/12/18	ASM322157v1	Jill Banfield's Lab at Berkeley	ftp://ftp.ncbi.nlm.nih.gov/genomes/all/GCA/003/221/575/GCA_003221575.1_ASM322157v1	./genbank/bacteria/GCA_003221575.1/GCA_003221575.1_ASM322157v1_genomic.fna.gz
GCA_003221595.1	PRJNA449266	SAMN08911936	QHSM00000000.1	2053607	2053607	Candidatus Rokubacteria bacterium	Candidatus Rokubacteria	Soil	AR30	latest	Scaffold	Major	Full	6/12/18	ASM322159v1	Jill Banfield's Lab at Berkeley	ftp://ftp.ncbi.nlm.nih.gov/genomes/all/GCA/003/221/595/GCA_003221595.1_ASM322159v1	./genbank/bacteria/GCA_003221595.1/GCA_003221595.1_ASM322159v1_genomic.fna.gz
GCA_003221615.1	PRJNA449266	SAMN08911933	QHSQ00000000.1	2053607	2053607	Candidatus Rokubacteria bacterium	Candidatus Rokubacteria	Soil	AR27	latest	Scaffold	Major	Full	6/12/18	ASM322161v1	Jill Banfield's Lab at Berkeley	ftp://ftp.ncbi.nlm.nih.gov/genomes/all/GCA/003/221/615/GCA_003221615.1_ASM322161v1	./genbank/bacteria/GCA_003221615.1/GCA_003221615.1_ASM322161v1_genomic.fna.gz
GCA_003221635.1	PRJNA449266	SAMN08911932	QHSR00000000.1	2053607	2053607	Candidatus Rokubacteria bacterium	Candidatus Rokubacteria	Soil	AR26	latest	Scaffold	Major	Full	6/12/18	ASM322163v1	Jill Banfield's Lab at Berkeley	ftp://ftp.ncbi.nlm.nih.gov/genomes/all/GCA/003/221/635/GCA_003221635.1_ASM322163v1	./genbank/bacteria/GCA_003221635.1/GCA_003221635.1_ASM322163v1_genomic.fna.gz
GCA_003221675.1	PRJNA449266	SAMN08911927	QHSW00000000.1	2053607	2053607	Candidatus Rokubacteria bacterium	Candidatus Rokubacteria	Soil	AR21	latest	Scaffold	Major	Full	6/12/18	ASM322167v1	Jill Banfield's Lab at Berkeley	ftp://ftp.ncbi.nlm.nih.gov/genomes/all/GCA/003/221/675/GCA_003221675.1_ASM322167v1	./genbank/bacteria/GCA_003221675.1/GCA_003221675.1_ASM322167v1_genomic.fna.gz
GCA_003221715.1	PRJNA449266	SAMN08911917	QHTH00000000.1	2053607	2053607	Candidatus Rokubacteria bacterium	Candidatus Rokubacteria	Soil	AR11	latest	Scaffold	Major	Full	6/12/18	ASM322171v1	Jill Banfield's Lab at Berkeley	ftp://ftp.ncbi.nlm.nih.gov/genomes/all/GCA/003/221/715/GCA_003221715.1_ASM322171v1	./genbank/bacteria/GCA_003221715.1/GCA_003221715.1_ASM322171v1_genomic.fna.gz
GCA_005881785.1	PRJNA449266	SAMN11380359	VBDB00000000.1	1891241	1891241	Betaproteobacteria bacterium	Betaproteobacteria	Soil	BP_32	latest	Scaffold	Major	Full	5/29/19	ASM588178v1	Jill Banfield's Lab at Berkeley	ftp://ftp.ncbi.nlm.nih.gov/genomes/all/GCA/005/881/785/GCA_005881785.1_ASM588178v1	./genbank/bacteria/GCA_005881785.1/GCA_005881785.1_ASM588178v1_genomic.fna.gz
GCA_005882155.1	PRJNA449266	SAMN11380348	VBCQ00000000.1	1891241	1891241	Betaproteobacteria bacterium	Betaproteobacteria	Soil	BP_21	latest	Scaffold	Major	Full	5/29/19	ASM588215v1	Jill Banfield's Lab at Berkeley	ftp://ftp.ncbi.nlm.nih.gov/genomes/all/GCA/005/882/155/GCA_005882155.1_ASM588215v1	./genbank/bacteria/GCA_005882155.1/GCA_005882155.1_ASM588215v1_genomic.fna.gz
GCA_005882425.1	PRJNA449266	SAMN11380278	VAZY00000000.1	1913988	1913988	Alphaproteobacteria bacterium	Alphaproteobacteria	Soil	AP_20	latest	Scaffold	Major	Full	5/29/19	ASM588242v1	Jill Banfield's Lab at Berkeley	ftp://ftp.ncbi.nlm.nih.gov/genomes/all/GCA/005/882/425/GCA_005882425.1_ASM588242v1	./genbank/bacteria/GCA_005882425.1/GCA_005882425.1_ASM588242v1_genomic.fna.gz
GCA_005882475.1	PRJNA449266	SAMN11380269	VAZP00000000.1	1913988	1913988	Alphaproteobacteria bacterium	Alphaproteobacteria	Soil	AP_11	latest	Scaffold	Major	Full	5/29/19	ASM588247v1	Jill Banfield's Lab at Berkeley	ftp://ftp.ncbi.nlm.nih.gov/genomes/all/GCA/005/882/475/GCA_005882475.1_ASM588247v1	./genbank/bacteria/GCA_005882475.1/GCA_005882475.1_ASM588247v1_genomic.fna.gz
GCA_005882865.1	PRJNA449266	SAMN11380363	VBDF00000000.1	1891241	1891241	Betaproteobacteria bacterium	Betaproteobacteria	Soil	BP_36	latest	Scaffold	Major	Full	5/29/19	ASM588286v1	Jill Banfield's Lab at Berkeley	ftp://ftp.ncbi.nlm.nih.gov/genomes/all/GCA/005/882/865/GCA_005882865.1_ASM588286v1	./genbank/bacteria/GCA_005882865.1/GCA_005882865.1_ASM588286v1_genomic.fna.gz
GCA_005883105.1	PRJNA449266	SAMN11380280	VBAA00000000.1	1913988	1913988	Alphaproteobacteria bacterium	Alphaproteobacteria	Soil	AP_22	latest	Scaffold	Major	Full	5/29/19	ASM588310v1	Jill Banfield's Lab at Berkeley	ftp://ftp.ncbi.nlm.nih.gov/genomes/all/GCA/005/883/105/GCA_005883105.1_ASM588310v1	./genbank/bacteria/GCA_005883105.1/GCA_005883105.1_ASM588310v1_genomic.fna.gz
GCA_005883135.1	PRJNA449266	SAMN11380266	VAZM00000000.1	1913988	1913988	Alphaproteobacteria bacterium	Alphaproteobacteria	Soil	AP_8	latest	Scaffold	Major	Full	5/29/19	ASM588313v1	Jill Banfield's Lab at Berkeley	ftp://ftp.ncbi.nlm.nih.gov/genomes/all/GCA/005/883/135/GCA_005883135.1_ASM588313v1	./genbank/bacteria/GCA_005883135.1/GCA_005883135.1_ASM588313v1_genomic.fna.gz
GCA_005883445.1	PRJNA449266	SAMN11380265	VAZL00000000.1	1913988	1913988	Alphaproteobacteria bacterium	Alphaproteobacteria	Soil	AP_7	latest	Scaffold	Major	Full	5/29/19	ASM588344v1	Jill Banfield's Lab at Berkeley	ftp://ftp.ncbi.nlm.nih.gov/genomes/all/GCA/005/883/445/GCA_005883445.1_ASM588344v1	./genbank/bacteria/GCA_005883445.1/GCA_005883445.1_ASM588344v1_genomic.fna.gz
GCA_005884345.1	PRJNA449266	SAMN11380337	VBCF00000000.1	1891241	1891241	Betaproteobacteria bacterium	Betaproteobacteria	Soil	BP_10	latest	Scaffold	Major	Full	5/29/19	ASM588434v1	Jill Banfield's Lab at Berkeley	ftp://ftp.ncbi.nlm.nih.gov/genomes/all/GCA/005/884/345/GCA_005884345.1_ASM588434v1	./genbank/bacteria/GCA_005884345.1/GCA_005884345.1_ASM588434v1_genomic.fna.gz
GCA_005884465.1	PRJNA449266	SAMN11380261	VAZH00000000.1	1913988	1913988	Alphaproteobacteria bacterium	Alphaproteobacteria	Soil	AP_3	latest	Scaffold	Major	Full	5/29/19	ASM588446v1	Jill Banfield's Lab at Berkeley	ftp://ftp.ncbi.nlm.nih.gov/genomes/all/GCA/005/884/465/GCA_005884465.1_ASM588446v1	./genbank/bacteria/GCA_005884465.1/GCA_005884465.1_ASM588446v1_genomic.fna.gz
GCA_005884545.1	PRJNA449266	SAMN11380283	VBAD00000000.1	1913988	1913988	Alphaproteobacteria bacterium	Alphaproteobacteria	Soil	AP_25	latest	Scaffold	Major	Full	5/29/19	ASM588454v1	Jill Banfield's Lab at Berkeley	ftp://ftp.ncbi.nlm.nih.gov/genomes/all/GCA/005/884/545/GCA_005884545.1_ASM588454v1	./genbank/bacteria/GCA_005884545.1/GCA_005884545.1_ASM588454v1_genomic.fna.gz
GCA_005884595.1	PRJNA449266	SAMN11380264	VAZK00000000.1	1913988	1913988	Alphaproteobacteria bacterium	Alphaproteobacteria	Soil	AP_6	latest	Scaffold	Major	Full	5/29/19	ASM588459v1	Jill Banfield's Lab at Berkeley	ftp://ftp.ncbi.nlm.nih.gov/genomes/all/GCA/005/884/595/GCA_005884595.1_ASM588459v1	./genbank/bacteria/GCA_005884595.1/GCA_005884595.1_ASM588459v1_genomic.fna.gz
GCA_005884685.1	PRJNA449266	SAMN11380287	VBAH00000000.1	1913988	1913988	Alphaproteobacteria bacterium	Alphaproteobacteria	Soil	AP_29	latest	Scaffold	Major	Full	5/29/19	ASM588468v1	Jill Banfield's Lab at Berkeley	ftp://ftp.ncbi.nlm.nih.gov/genomes/all/GCA/005/884/685/GCA_005884685.1_ASM588468v1	./genbank/bacteria/GCA_005884685.1/GCA_005884685.1_ASM588468v1_genomic.fna.gz
GCA_005884705.1	PRJNA449266	SAMN11380285	VBAF00000000.1	1913988	1913988	Alphaproteobacteria bacterium	Alphaproteobacteria	Soil	AP_27	latest	Scaffold	Major	Full	5/29/19	ASM588470v1	Jill Banfield's Lab at Berkeley	ftp://ftp.ncbi.nlm.nih.gov/genomes/all/GCA/005/884/705/GCA_005884705.1_ASM588470v1	./genbank/bacteria/GCA_005884705.1/GCA_005884705.1_ASM588470v1_genomic.fna.gz
GCA_005884745.1	PRJNA449266	SAMN11380274	VAZU00000000.1	1913988	1913988	Alphaproteobacteria bacterium	Alphaproteobacteria	Soil	AP_16	latest	Scaffold	Major	Full	5/29/19	ASM588474v1	Jill Banfield's Lab at Berkeley	ftp://ftp.ncbi.nlm.nih.gov/genomes/all/GCA/005/884/745/GCA_005884745.1_ASM588474v1	./genbank/bacteria/GCA_005884745.1/GCA_005884745.1_ASM588474v1_genomic.fna.gz
GCA_005884765.1	PRJNA449266	SAMN11380275	VAZV00000000.1	1913988	1913988	Alphaproteobacteria bacterium	Alphaproteobacteria	Soil	AP_17	latest	Scaffold	Major	Full	5/29/19	ASM588476v1	Jill Banfield's Lab at Berkeley	ftp://ftp.ncbi.nlm.nih.gov/genomes/all/GCA/005/884/765/GCA_005884765.1_ASM588476v1	./genbank/bacteria/GCA_005884765.1/GCA_005884765.1_ASM588476v1_genomic.fna.gz
GCA_005884835.1	PRJNA449266	SAMN11380268	VAZO00000000.1	1913988	1913988	Alphaproteobacteria bacterium	Alphaproteobacteria	Soil	AP_10	latest	Scaffold	Major	Full	5/29/19	ASM588483v1	Jill Banfield's Lab at Berkeley	ftp://ftp.ncbi.nlm.nih.gov/genomes/all/GCA/005/884/835/GCA_005884835.1_ASM588483v1	./genbank/bacteria/GCA_005884835.1/GCA_005884835.1_ASM588483v1_genomic.fna.gz
GCA_005884855.1	PRJNA449266	SAMN11380272	VAZS00000000.1	1913988	1913988	Alphaproteobacteria bacterium	Alphaproteobacteria	Soil	AP_14	latest	Scaffold	Major	Full	5/29/19	ASM588485v1	Jill Banfield's Lab at Berkeley	ftp://ftp.ncbi.nlm.nih.gov/genomes/all/GCA/005/884/855/GCA_005884855.1_ASM588485v1	./genbank/bacteria/GCA_005884855.1/GCA_005884855.1_ASM588485v1_genomic.fna.gz
GCA_005885285.1	PRJNA449266	SAMN11380260	VAZG00000000.1	1913988	1913988	Alphaproteobacteria bacterium	Alphaproteobacteria	Soil	AP_2	latest	Scaffold	Major	Full	5/29/19	ASM588528v1	Jill Banfield's Lab at Berkeley	ftp://ftp.ncbi.nlm.nih.gov/genomes/all/GCA/005/885/285/GCA_005885285.1_ASM588528v1	./genbank/bacteria/GCA_005885285.1/GCA_005885285.1_ASM588528v1_genomic.fna.gz
GCA_005887895.1	PRJNA449266	SAMN11380672	VBPC00000000.1	2053607	2053607	Candidatus Rokubacteria bacterium	Candidatus Rokubacteria	Soil	AR_45	latest	Scaffold	Major	Full	5/29/19	ASM588789v1	Jill Banfield's Lab at Berkeley	ftp://ftp.ncbi.nlm.nih.gov/genomes/all/GCA/005/887/895/GCA_005887895.1_ASM588789v1	./genbank/bacteria/GCA_005887895.1/GCA_005887895.1_ASM588789v1_genomic.fna.gz
GCA_005888495.1	PRJNA449266	SAMN11380262	VAZI00000000.1	1913988	1913988	Alphaproteobacteria bacterium	Alphaproteobacteria	Soil	AP_4	latest	Scaffold	Major	Full	5/29/19	ASM588849v1	Jill Banfield's Lab at Berkeley	ftp://ftp.ncbi.nlm.nih.gov/genomes/all/GCA/005/888/495/GCA_005888495.1_ASM588849v1	./genbank/bacteria/GCA_005888495.1/GCA_005888495.1_ASM588849v1_genomic.fna.gz
GCA_005888515.1	PRJNA449266	SAMN11380271	VAZR00000000.1	1913988	1913988	Alphaproteobacteria bacterium	Alphaproteobacteria	Soil	AP_13	latest	Scaffold	Major	Full	5/29/19	ASM588851v1	Jill Banfield's Lab at Berkeley	ftp://ftp.ncbi.nlm.nih.gov/genomes/all/GCA/005/888/515/GCA_005888515.1_ASM588851v1	./genbank/bacteria/GCA_005888515.1/GCA_005888515.1_ASM588851v1_genomic.fna.gz
GCA_005888525.1	PRJNA449266	SAMN11380281	VBAB00000000.1	1913988	1913988	Alphaproteobacteria bacterium	Alphaproteobacteria	Soil	AP_23	latest	Scaffold	Major	Full	5/29/19	ASM588852v1	Jill Banfield's Lab at Berkeley	ftp://ftp.ncbi.nlm.nih.gov/genomes/all/GCA/005/888/525/GCA_005888525.1_ASM588852v1	./genbank/bacteria/GCA_005888525.1/GCA_005888525.1_ASM588852v1_genomic.fna.gz
GCA_005888555.1	PRJNA449266	SAMN11380263	VAZJ00000000.1	1913988	1913988	Alphaproteobacteria bacterium	Alphaproteobacteria	Soil	AP_5	latest	Scaffold	Major	Full	5/29/19	ASM588855v1	Jill Banfield's Lab at Berkeley	ftp://ftp.ncbi.nlm.nih.gov/genomes/all/GCA/005/888/555/GCA_005888555.1_ASM588855v1	./genbank/bacteria/GCA_005888555.1/GCA_005888555.1_ASM588855v1_genomic.fna.gz
GCA_005888565.1	PRJNA449266	SAMN11380286	VBAG00000000.1	1913988	1913988	Alphaproteobacteria bacterium	Alphaproteobacteria	Soil	AP_28	latest	Scaffold	Major	Full	5/29/19	ASM588856v1	Jill Banfield's Lab at Berkeley	ftp://ftp.ncbi.nlm.nih.gov/genomes/all/GCA/005/888/565/GCA_005888565.1_ASM588856v1	./genbank/bacteria/GCA_005888565.1/GCA_005888565.1_ASM588856v1_genomic.fna.gz